mz,rt,intensity,Formula
64.0125,1,715,C2H2F2
99.9936,1,702,C2F4
108.0187,1,226,C4H3F3
114.0292,1,819,C3H5F3O
115.9641,1,876,C2ClF3
131.9998,1,229,C3HF5
138.0351,1,196,C4H10O3S
149.9904,1,818,C3F6
150.0104,1,168,C3H3F5O
158.0355,1,828,C5H6F4O
159.9135,1,645,C2BrF3
161.9904,1,822,C4F6
161.9904,1,304,C4F6
164.0061,1,630,C4H2F6
165.9853,1,449,C3F6O
165.9853,1,502,C3F6O
165.9853,1,984,C3F6O
168.0398,1,121,C6H7F3O2
174.9836,1,836,C6H3ClFNO2
176.0061,1,737,C5H2F6
177.9911,1,882,C3H5F3O3S
179.9846,1,371,C3HF5O3
180.0032,1,946,C4H5F5S
182.0166,1,824,C4H4F6O
182.0555,1,458,C7H9F3O2
184.0123,1,687,C4H3F7
185.9916,1,572,C3HF7O
187.9872,1,501,C3F8
193.9861,1,807,C3H5F3O4S
193.9956,1,150,C3H6F3O4P
193.9966,1,509,C5HF7
193.9966,1,797,C5HF7
193.9966,1,100,C5HF7
194.9919,1,419,C4F7N
194.9919,1,871,C4F7N
196.0123,1,983,C5H3F7
196.0123,1,704,C5H3F7
196.0123,1,175,C5H3F7
196.0123,1,686,C5H3F7
197.9916,1,276,C4HF7O
198.0279,1,459,C5H5F7
199.0232,1,367,C4H4F7N
199.0232,1,685,C4H4F7N
199.9872,1,411,C4F8
199.9872,1,611,C4F8
199.9872,1,464,C4F8
200.0072,1,450,C4H3F7O
200.0072,1,120,C4H3F7O
200.0072,1,674,C4H3F7O
202.0029,1,171,C4H2F8
202.0275,1,909,C6H9F3O2S
203.9577,1,482,C3ClF7
205.9354,1,150,C4H3BrF4
208.0323,1,226,C6H6F6O
210.0279,1,754,C6H5F7
211.9872,1,960,C5F8
211.9872,1,959,C5F8
212.0072,1,630,C5H3F7O
212.0072,1,583,C5H3F7O
212.0072,1,770,C5H3F7O
212.0072,1,863,C5H3F7O
212.0072,1,878,C5H3F7O
212.0072,1,281,C5H3F7O
212.0184,1,550,C4H3F7N2
212.0272,1,895,C5H6F6O2
212.0436,1,162,C6H7F7
213.0025,1,556,C4H2F7NO
213.0025,1,139,C4H2F7NO
213.0388,1,237,C5H6F7N
213.0388,1,562,C5H6F7N
213.0388,1,436,C5H6F7N
213.9865,1,709,C4HF7O2
213.9865,1,755,C4HF7O2
214.0029,1,354,C5H2F8
214.0229,1,918,C5H5F7O
214.0229,1,101,C5H5F7O
214.0229,1,304,C5H5F7O
214.0229,1,474,C5H5F7O
215.9821,1,107,C4F8O
215.9821,1,644,C4F8O
215.9821,1,813,C4F8O
215.9821,1,884,C4F8O
216.0021,1,284,C4H3F7O2
217.9733,1,895,C4H2ClF7
219.9281,1,671,C3Cl2F6
219.9526,1,114,C3ClF7O
219.9935,1,405,C4HF9
221.9752,1,438,C5F6O3
223.0796,1,160,C7H11F6N
223.931,1,786,C3H4F3I
224.0436,1,935,C7H7F7
225.0025,1,546,C5H2F7NO
226.0229,1,589,C6H5F7O
226.0229,1,525,C6H5F7O
226.0229,1,886,C6H5F7O
226.0229,1,714,C6H5F7O
226.0229,1,709,C6H5F7O
226.0229,1,562,C6H5F7O
226.0229,1,554,C6H5F7O
226.0592,1,929,C7H9F7
227.0181,1,918,C5H4F7NO
227.0293,1,892,C4H4F7N3
227.0545,1,386,C6H8F7N
227.9821,1,907,C5F8O
227.9821,1,799,C5F8O
228.0021,1,154,C5H3F7O2
228.0021,1,728,C5H3F7O2
228.0021,1,999,C5H3F7O2
228.0021,1,442,C5H3F7O2
228.0134,1,789,C4H3F7N2O
228.0134,1,516,C4H3F7N2O
228.0385,1,612,C6H7F7O
228.0385,1,834,C6H7F7O
228.0385,1,147,C6H7F7O
228.9796,1,655,C4H2F7NS
228.9974,1,880,C4H2F7NO2
228.9974,1,154,C4H2F7NO2
229.0338,1,987,C5H6F7NO
229.9814,1,381,C4HF7O3
229.9814,1,323,C4HF7O3
229.9978,1,306,C5H2F8O
230.0178,1,666,C5H5F7O2
231.9526,1,215,C4ClF7O
231.9771,1,883,C4F8O2
231.9771,1,358,C4F8O2
231.9771,1,709,C4F8O2
231.9935,1,722,C5HF9
232.0134,1,316,C5H4F8O
232.0134,1,242,C5H4F8O
234.0091,1,284,C5H3F9
234.0479,1,912,C8H8F6O
235.0232,1,569,C7H4F7N
235.8986,1,295,C3Cl3F5
235.9639,1,169,C4HClF8
235.9884,1,506,C4HF9O
235.9884,1,628,C4HF9O
236.0184,1,756,C6H3F7N2
236.0184,1,265,C6H3F7N2
236.0184,1,357,C6H3F7N2
236.0184,1,240,C6H3F7N2
236.0272,1,700,C7H6F6O2
237.984,1,848,C4F10
237.984,1,132,C4F10
238.0229,1,862,C7H5F7O
238.0341,1,660,C6H5F7N2
238.0592,1,236,C8H9F7
239.9857,1,702,C5H2F6O4
240.0021,1,762,C6H3F7O2
240.0021,1,875,C6H3F7O2
240.0021,1,275,C6H3F7O2
240.0385,1,588,C7H7F7O
240.0385,1,238,C7H7F7O
240.0385,1,197,C7H7F7O
240.0385,1,595,C7H7F7O
240.0385,1,602,C7H7F7O
240.0385,1,624,C7H7F7O
240.0749,1,342,C8H11F7
241.0338,1,631,C6H6F7NO
241.0701,1,511,C7H10F7N
241.0701,1,908,C7H10F7N
242.0178,1,651,C6H5F7O2
242.0178,1,673,C6H5F7O2
242.0178,1,602,C6H5F7O2
242.0178,1,861,C6H5F7O2
242.0178,1,933,C6H5F7O2
242.0178,1,273,C6H5F7O2
242.0178,1,185,C6H5F7O2
242.0362,1,382,C6H9F7Si
242.0542,1,802,C7H9F7O
242.0542,1,898,C7H9F7O
242.0542,1,732,C7H9F7O
243.013,1,192,C5H4F7NO2
243.013,1,112,C5H4F7NO2
243.0494,1,463,C6H8F7NO
243.9771,1,158,C5F8O2
243.9771,1,749,C5F8O2
243.9771,1,612,C5F8O2
243.997,1,438,C5H3F7O3
244.0334,1,909,C6H7F7O2
244.0334,1,112,C6H7F7O2
244.0334,1,252,C6H7F7O2
244.9887,1,431,C5F9N
245.0087,1,847,C5H3F8NO
245.8965,1,395,C2F5I
245.9795,1,536,C4H2ClF7N2
245.9927,1,808,C5H2F8O2
245.9927,1,108,C5H2F8O2
246.0091,1,327,C6H3F9
246.0279,1,592,C9H5F7
246.0279,1,425,C9H5F7
247.9072,1,179,C3BrF7
247.9884,1,925,C5HF9O
247.9884,1,440,C5HF9O
248.0184,1,718,C7H3F7N2
248.0184,1,947,C7H3F7N2
248.0248,1,161,C6H5F9
249.02,1,301,C5H4F9N
249.984,1,880,C5F10
249.984,1,917,C5F10
249.984,1,107,C5F10
249.984,1,159,C5F10
250.004,1,910,C5H3F9O
250.004,1,379,C5H3F9O
250.004,1,228,C5H3F9O
250.004,1,698,C5H3F9O
250.004,1,846,C5H3F9O
250.0341,1,795,C7H5F7N2
250.0428,1,722,C8H8F6O2
252.0021,1,335,C7H3F7O2
252.0246,1,493,C5H3F7N4
252.0749,1,339,C9H11F7
253.0338,1,353,C7H6F7NO
253.0338,1,199,C7H6F7NO
253.0338,1,517,C7H6F7NO
253.9545,1,312,C4ClF9
253.9789,1,850,C4F10O
253.9926,1,353,C5HF7N2O2
254.0178,1,406,C7H5F7O2
254.0178,1,976,C7H5F7O2
254.0178,1,112,C7H5F7O2
254.0178,1,355,C7H5F7O2
254.0178,1,283,C7H5F7O2
254.0342,1,880,C8H6F8
254.0542,1,119,C8H9F7O
254.0905,1,758,C9H13F7
255.0494,1,831,C7H8F7NO
255.0494,1,592,C7H8F7NO
256.0334,1,131,C7H7F7O2
256.0334,1,600,C7H7F7O2
256.0334,1,228,C7H7F7O2
256.0334,1,329,C7H7F7O2
256.0334,1,339,C7H7F7O2
257.0287,1,484,C6H6F7NO2
257.0287,1,860,C6H6F7NO2
257.0287,1,862,C6H6F7NO2
257.0651,1,441,C7H10F7NO
258.0091,1,297,C7H3F9
258.0127,1,307,C6H5F7O3
258.0291,1,646,C7H6F8O
258.0291,1,112,C7H6F8O
260.0248,1,799,C7H5F9
260.0436,1,846,C10H7F7
260.0436,1,466,C10H7F7
260.0436,1,560,C10H7F7
261.0388,1,992,C9H6F7N
261.0388,1,779,C9H6F7N
261.0388,1,633,C9H6F7N
261.9632,1,894,C5H2ClF7O2
261.984,1,770,C6F10
261.9995,1,513,C6H6ClF7O
262.004,1,667,C6H3F9O
262.004,1,765,C6H3F9O
262.004,1,574,C6H3F9O
262.0229,1,150,C9H5F7O
262.0229,1,555,C9H5F7O
262.024,1,924,C6H6F8O2
262.0341,1,777,C8H5F7N2
262.0404,1,192,C7H7F9
262.0628,1,268,C9H11F5O3
262.9993,1,751,C5H2F9NO
263.0181,1,638,C8H4F7NO
263.9491,1,260,C4F8O2S
263.9833,1,320,C5HF9O2
263.9997,1,187,C6H2F10
264.0134,1,733,C7H3F7N2O
264.0185,1,320,C9H4F8
264.0197,1,199,C6H5F9O
264.0197,1,601,C6H5F9O
264.0197,1,113,C6H5F9O
264.0197,1,339,C6H5F9O
265.0338,1,239,C8H6F7NO
265.95,1,446,C5H3Cl2F7
265.9789,1,293,C5F10O
265.9789,1,893,C5F10O
265.9789,1,264,C5F10O
265.9789,1,358,C5F10O
265.9789,1,150,C5F10O
265.9989,1,907,C5H3F9O2
266.0153,1,977,C6H4F10
266.0178,1,619,C8H5F7O2
266.0542,1,377,C9H9F7O
266.0905,1,948,C10H13F7
267.0243,1,893,C6H4F7N3O
267.0494,1,484,C8H8F7NO
267.7534,1,690,CBr3F
268.0334,1,216,C8H7F7O2
268.0334,1,118,C8H7F7O2
268.0334,1,571,C8H7F7O2
268.0334,1,888,C8H7F7O2
268.0334,1,930,C8H7F7O2
268.0334,1,939,C8H7F7O2
268.0334,1,899,C8H7F7O2
268.0498,1,962,C9H8F8
268.9858,1,693,C5H2F7N3S
269.0287,1,614,C7H6F7NO2
269.0651,1,406,C8H10F7NO
269.0651,1,205,C8H10F7NO
269.0651,1,788,C8H10F7NO
269.0651,1,432,C8H10F7NO
269.0651,1,618,C8H10F7NO
269.9249,1,134,C4Cl2F8
269.9249,1,489,C4Cl2F8
269.9903,1,126,C5HF11
270.0127,1,537,C7H5F7O3
270.0127,1,168,C7H5F7O3
270.0127,1,192,C7H5F7O3
270.0279,1,918,C11H5F7
270.0352,1,886,C5H5F7N4O
270.0491,1,324,C8H9F7O2
270.0491,1,323,C8H9F7O2
270.0491,1,345,C8H9F7O2
270.0491,1,991,C8H9F7O2
270.0491,1,107,C8H9F7O2
270.0491,1,947,C8H9F7O2
270.0491,1,322,C8H9F7O2
270.0855,1,253,C9H13F7O
271.0443,1,615,C7H8F7NO2
271.0443,1,104,C7H8F7NO2
271.0443,1,640,C7H8F7NO2
271.9872,1,172,C10F8
272.0106,1,532,C7H7F7OS
272.0184,1,530,C9H3F7N2
272.0248,1,131,C8H5F9
272.0647,1,631,C8H11F7O2
273.02,1,102,C7H4F9N
273.0388,1,513,C10H6F7N
273.9228,1,144,C5H2BrF7
273.9228,1,435,C5H2BrF7
274.004,1,569,C7H3F9O
274.0229,1,263,C10H5F7O
274.0229,1,812,C10H5F7O
274.0229,1,200,C10H5F7O
274.044,1,175,C7H9F7O3
274.9948,1,956,C6H5ClF7NO
275.0545,1,157,C10H8F7N
275.9021,1,401,C4BrF7O
275.9021,1,519,C4BrF7O
275.918,1,551,C5Cl2F6O2
275.9385,1,301,C5H4BrF7
275.9385,1,536,C5H4BrF7
275.9833,1,149,C6HF9O2
276.0197,1,604,C7H5F9O
276.0197,1,491,C7H5F9O
276.0197,1,903,C7H5F9O
276.0385,1,150,C10H7F7O
276.0385,1,387,C10H7F7O
276.0385,1,848,C10H7F7O
276.0497,1,825,C9H7F7N2
276.0497,1,517,C9H7F7N2
276.0561,1,674,C8H9F9
277.0149,1,648,C6H4F9NO
277.0338,1,507,C9H6F7NO
277.0338,1,831,C9H6F7NO
277.0338,1,187,C9H6F7NO
277.9484,1,489,C4HF7O4S
277.9789,1,109,C6F10O
277.9789,1,150,C6F10O
277.9848,1,425,C5H5F7O3S
277.9989,1,671,C6H3F9O2
278.0353,1,400,C7H7F9O
278.0353,1,266,C7H7F9O
278.9657,1,515,C4H3F7O4P
279.013,1,316,C8H4F7NO2
279.0306,1,984,C6H6F9NO
279.944,1,736,C4F8O3S
279.9701,1,149,C6H2ClF9
279.9782,1,635,C5HF9O3
279.9782,1,408,C5HF9O3
279.9782,1,775,C5HF9O3
279.9968,1,672,C6H5F9S
280.0083,1,108,C7H3F7N2O2
280.0083,1,427,C7H3F7N2O2
280.0146,1,639,C6H5F9O2
280.0195,1,226,C6H3F7N4O
280.0334,1,529,C9H7F7O2
280.0559,1,169,C7H7F7N4
280.9245,1,870,C4Cl2F7NO
280.9842,1,734,C8H3ClF7N
280.9842,1,841,C8H3ClF7N
280.9842,1,283,C8H3ClF7N
280.9842,1,450,C8H3ClF7N
281.0399,1,181,C7H6F7N3O
281.0651,1,902,C9H10F7NO
281.9494,1,704,C5ClF9O
281.9494,1,675,C5ClF9O
281.9597,1,501,C4H2F8O3S
281.9739,1,772,C5F10O2
281.9739,1,755,C5F10O2
281.9795,1,511,C7H2ClF7N2
281.9903,1,981,C6HF11
281.9903,1,738,C6HF11
281.9938,1,292,C5H3F9O3
282.0239,1,278,C7H5F7N2O2
282.0491,1,911,C9H9F7O2
282.0491,1,439,C9H9F7O2
282.0603,1,861,C8H9F7N2O
282.0855,1,327,C10H13F7O
282.1218,1,820,C11H17F7
282.9713,1,167,C4H2F9NOS
282.9855,1,297,C5F11N
283.0443,1,871,C8H8F7NO2
283.0443,1,808,C8H8F7NO2
283.0807,1,365,C9H12F7NO
283.9554,1,802,C4HF9O2S
284.0283,1,845,C8H7F7O3
284.0647,1,641,C9H11F7O2
284.0811,1,924,C10H12F8
284.0811,1,427,C10H12F8
284.9949,1,280,C6F9N3
285.0012,1,944,C5H2F11N
285.0236,1,268,C7H6F7NO3
285.0388,1,640,C11H6F7N
285.06,1,627,C8H10F7NO2
285.06,1,507,C8H10F7NO2
285.9443,1,817,C4ClF9O2
285.9852,1,373,C5HF11O
286.024,1,303,C8H6F8O2
286.026,1,648,C7H9F7O2Si
286.0341,1,410,C10H5F7N2
286.0341,1,657,C10H5F7N2
286.0341,1,522,C10H5F7N2
286.044,1,107,C8H9F7O3
286.044,1,603,C8H9F7O3
286.044,1,853,C8H9F7O3
287.0181,1,890,C10H4F7NO
287.0293,1,259,C9H4F7N3
287.0392,1,798,C7H8F7NO3
287.0545,1,198,C11H8F7N
287.9669,1,785,C6F8O4
287.9788,1,919,C7H4ClF7O2
287.9808,1,915,C5F12
287.9808,1,793,C5F12
287.9808,1,128,C5F12
288.0145,1,511,C6H4F8N2O2
288.0233,1,193,C7H7F7O4
288.0246,1,530,C8H3F7N4
288.0385,1,976,C11H7F7O
288.0385,1,545,C11H7F7O
288.0385,1,1000,C11H7F7O
288.0385,1,882,C11H7F7O
288.0561,1,303,C9H9F9
288.0596,1,527,C8H11F7O3
289.0338,1,201,C10H6F7NO
289.0338,1,492,C10H6F7NO
289.0701,1,882,C11H10F7N
289.0701,1,688,C11H10F7N
289.0701,1,437,C11H10F7N
289.9825,1,932,C6H2F8O4
289.9989,1,187,C7H3F9O2
289.9989,1,573,C7H3F9O2
289.9989,1,908,C7H3F9O2
290.0143,1,680,C6H9F6O4P
290.0178,1,540,C10H5F7O2
290.0178,1,224,C10H5F7O2
290.0178,1,109,C10H5F7O2
290.0178,1,752,C10H5F7O2
290.029,1,225,C9H5F7N2O
290.0349,1,390,C9H6BF7O2
290.0353,1,685,C8H7F9O
290.0353,1,493,C8H7F9O
290.0353,1,450,C8H7F9O
290.0353,1,731,C8H7F9O
290.0542,1,672,C11H9F7O
290.0717,1,446,C9H11F9
290.9942,1,240,C6H2F9NO2
291.013,1,316,C9H4F7NO2
291.013,1,794,C9H4F7NO2
291.013,1,747,C9H4F7NO2
291.013,1,507,C9H4F7NO2
291.0306,1,403,C7H6F9NO
291.0494,1,797,C10H8F7NO
291.0494,1,347,C10H8F7NO
292.0146,1,538,C7H5F9O2
292.0146,1,996,C7H5F9O2
292.0146,1,462,C7H5F9O2
292.033,1,714,C7H9F9Si
292.0334,1,982,C10H7F7O2
292.051,1,593,C8H9F9O
292.9251,1,192,C3HF6NO4S2
293.9494,1,180,C6ClF9O
293.9739,1,481,C6F10O2
293.9739,1,762,C6F10O2
293.9938,1,592,C6H3F9O3
294.0046,1,195,C10H6ClF7
294.0127,1,751,C9H5F7O3
294.0239,1,570,C8H5F7N2O2
294.0302,1,437,C7H7F9O2
294.0491,1,443,C10H9F7O2
294.0491,1,436,C10H9F7O2
294.9855,1,607,C6F11N
295.0055,1,369,C6H3F10NO
295.0192,1,333,C7H4F7N3O2
295.0807,1,744,C10H12F7NO
295.0807,1,210,C10H12F7NO
295.0807,1,733,C10H12F7NO
295.8933,1,645,C3F7I
295.8933,1,839,C3F7I
295.9486,1,434,C5HClF8O3
295.965,1,933,C6H2ClF9O
295.9731,1,916,C5HF9O4
295.9854,1,416,C7H3F7N2OS
295.9854,1,107,C7H3F7N2OS
295.9895,1,738,C6H2F10O2
295.9895,1,176,C6H2F10O2
296.0059,1,133,C7H3F11
296.0059,1,178,C7H3F11
296.0248,1,868,C10H5F9
296.0259,1,863,C7H6F10O
296.0436,1,410,C13H7F7
296.0483,1,161,C9H10F6O4
296.0647,1,497,C10H11F7O2
296.0647,1,342,C10H11F7O2
296.0647,1,154,C10H11F7O2
296.076,1,755,C9H11F7N2O
296.1375,1,197,C12H19F7
296.9791,1,894,C8H3ClF7NO
297.0388,1,722,C12H6F7N
297.0388,1,487,C12H6F7N
297.0388,1,963,C12H6F7N
297.06,1,885,C9H10F7NO2
297.0964,1,263,C10H14F7NO
297.904,1,942,C4BrF9
297.971,1,329,C5H3F9O2S
297.9852,1,132,C6HF11O
298.0052,1,910,C6H4F10O2
298.0216,1,243,C7H5F11
298.0229,1,169,C12H5F7O
298.0229,1,922,C12H5F7O
298.044,1,608,C9H9F7O3
298.044,1,674,C9H9F7O3
298.0804,1,982,C10H13F7O2
298.0916,1,240,C9H13F7N2O
298.9663,1,715,C4H2F9NO2S
298.9804,1,425,C5F11NO
299.0168,1,365,C6H4F11N
299.0215,1,477,C8H8F7NOS
299.0392,1,511,C8H8F7NO3
299.0392,1,133,C8H8F7NO3
299.0392,1,558,C8H8F7NO3
299.0545,1,806,C12H8F7N
299.0576,1,157,C8H12F7NOSi
299.9503,1,443,C4HF9O3S
299.9503,1,109,C4HF9O3S
299.9503,1,782,C4HF9O3S
299.9598,1,600,C4H2F9O3P
299.9808,1,459,C6F12
299.9808,1,444,C6F12
299.9808,1,392,C6F12
299.9808,1,585,C6F12
299.9808,1,838,C6F12
299.9808,1,440,C6F12
299.9808,1,763,C6F12
299.9808,1,713,C6F12
299.9808,1,429,C6F12
299.9808,1,940,C6F12
300.0008,1,837,C6H3F11O
300.0008,1,810,C6H3F11O
300.0008,1,555,C6H3F11O
300.0233,1,578,C8H7F7O4
300.0233,1,729,C8H7F7O4
300.0233,1,563,C8H7F7O4
300.0385,1,607,C12H7F7O
300.0397,1,202,C9H8F8O2
300.096,1,858,C10H15F7O2
301.0185,1,446,C7H6F7NO4
301.0338,1,847,C11H6F7NO
301.0701,1,608,C12H10F7N
301.9148,1,323,C4Cl2F8O2
301.9215,1,239,C4ClF9OS
301.9459,1,531,C4F10O2S
301.9789,1,320,C8F10O
301.9812,1,598,C8H3F9S
301.9965,1,945,C6H2F12
301.9965,1,109,C6H2F12
302.0016,1,458,C12H11ClO5S
302.0138,1,141,C6H5F7N2O4
302.0178,1,525,C11H5F7O2
302.0211,1,448,C8H9F7O2S
302.029,1,822,C10H5F7N2O
302.0353,1,722,C9H7F9O
302.0542,1,902,C12H9F7O
302.0542,1,537,C12H9F7O
302.0542,1,833,C12H9F7O
302.0717,1,705,C10H11F9
303.013,1,579,C10H4F7NO2
303.0355,1,774,C8H4F7N5
303.0494,1,331,C11H8F7NO
303.0494,1,388,C11H8F7NO
303.0494,1,356,C11H8F7NO
303.9698,1,243,C7H8BrF7
303.9758,1,167,C5F12O
303.9758,1,411,C5F12O
304.0146,1,753,C8H5F9O2
304.0146,1,457,C8H5F9O2
304.0146,1,914,C8H5F9O2
304.0146,1,364,C8H5F9O2
304.019,1,856,C8H11F7S2
304.0334,1,891,C11H7F7O2
304.0334,1,382,C11H7F7O2
304.0334,1,291,C11H7F7O2
304.0334,1,105,C11H7F7O2
304.0447,1,521,C10H7F7N2O
304.051,1,269,C9H9F9O
304.0874,1,883,C10H13F9
304.9921,1,417,C7H4F9NS
305.0109,1,900,C10H6F7NS
305.0287,1,180,C10H6F7NO2
305.1212,1,738,C10H11F7O2
305.9938,1,256,C7H3F9O3
305.9938,1,146,C7H3F9O3
305.9938,1,438,C7H3F9O3
306.0051,1,411,C6H3F9N2O2
306.0058,1,883,C8H7ClF8O
306.0127,1,565,C10H5F7O3
306.0127,1,451,C10H5F7O3
306.0302,1,515,C8H7F9O2
306.0302,1,434,C8H7F9O2
306.0302,1,155,C8H7F9O2
306.0302,1,542,C8H7F9O2
306.0313,1,930,C11H9F7S
306.0491,1,120,C11H9F7O2
306.0666,1,502,C9H11F9O
306.0666,1,637,C9H11F9O
306.0666,1,122,C9H11F9O
306.0729,1,751,C11H11F7NO
306.1275,1,486,C10H11F7O2
307.0079,1,424,C9H4F7NO3
307.0192,1,721,C8H4F7N3O2
307.0243,1,237,C10H5F8NO
307.0243,1,952,C10H5F8NO
307.0255,1,172,C7H6F9NO2
307.9839,1,235,C10H4ClF7O
307.9895,1,103,C7H2F10O2
308.0095,1,587,C7H5F9O3
308.0459,1,746,C8H9F9O2
308.0459,1,465,C8H9F9O2
309.0047,1,506,C6H4F9NO3
309.9089,1,776,C4H2F7I
309.9688,1,629,C6F10O3
309.9688,1,607,C6F10O3
309.9888,1,170,C6H3F9O4
310.0074,1,718,C7H7F9OS
310.0074,1,473,C7H7F9OS
310.0188,1,361,C8H5F7N2O3
310.0404,1,589,C11H7F9
310.0804,1,918,C11H13F7O2
310.9804,1,189,C6F11NO
310.9963,1,732,C7H4F7N3OS
311.0357,1,104,C10H6F9N
311.0357,1,689,C10H6F9N
311.0545,1,588,C13H8F7N
311.0545,1,765,C13H8F7N
311.112,1,360,C11H16F7NO
311.8882,1,975,C3F7IO
311.8882,1,378,C3F7IO
312.0008,1,203,C7H3F11O
312.0008,1,245,C7H3F11O
312.0008,1,403,C7H3F11O
312.0008,1,522,C7H3F11O
312.0008,1,421,C7H3F11O
312.0121,1,846,C6H3F11N2
312.0197,1,860,C10H5F9O
312.0372,1,454,C8H7F11
312.0497,1,738,C12H7F7N2
312.0561,1,666,C11H9F9
312.0596,1,188,C10H11F7O3
312.9819,1,955,C5H4F9NO2S
312.9961,1,139,C6H2F11NO
313.0325,1,639,C7H6F11N
313.045,1,538,C11H6F7N3
313.9392,1,230,C5ClF9O3
313.9659,1,707,C5H3F9O3S
313.9801,1,643,C6HF11O2
313.9965,1,605,C7H2F12
313.9965,1,127,C7H2F12
314.0165,1,317,C7H5F11O
314.0165,1,897,C7H5F11O
314.0165,1,429,C7H5F11O
314.0165,1,129,C7H5F11O
314.029,1,498,C11H5F7N2O
314.0389,1,463,C9H9F7O4
314.0402,1,320,C10H5F7N4
314.0654,1,153,C12H9F7N2
314.0654,1,102,C12H9F7N2
314.1419,1,580,C21H18N2O
315.0494,1,231,C12H8F7NO
315.0494,1,868,C12H8F7NO
315.0494,1,861,C12H8F7NO
315.0494,1,982,C12H8F7NO
315.0506,1,906,C9H9F8NO2
315.9405,1,832,C7HCl2F7N2
315.9452,1,733,C4HF9O4S
315.9452,1,283,C4HF9O4S
315.9468,1,625,C6H3Cl2F9
315.9513,1,637,C6ClF11
315.9758,1,169,C6F12O
315.9758,1,721,C6F12O
315.9758,1,695,C6F12O
315.9758,1,643,C6F12O
315.9758,1,911,C6F12O
315.9758,1,821,C6F12O
315.9758,1,455,C6F12O
315.9758,1,774,C6F12O
315.9957,1,759,C6H3F11O2
315.9957,1,155,C6H3F11O2
316.0058,1,806,C8H2F10N2
316.0121,1,708,C7H4F12
316.0334,1,355,C12H7F7O2
316.0334,1,814,C12H7F7O2
316.0447,1,663,C11H7F7N2O
316.051,1,185,C10H9F9O
316.0532,1,720,C10H12F8S
316.0874,1,693,C11H13F9
317.0399,1,924,C10H6F7N3O
317.0462,1,684,C9H8F9NO
317.0651,1,318,C12H10F7NO
317.0651,1,544,C12H10F7NO
317.0651,1,356,C12H10F7NO
317.0651,1,315,C12H10F7NO
317.0651,1,831,C12H10F7NO
317.9164,1,180,C4ClF9O2S
317.9408,1,437,C4F10O3S
317.9903,1,392,C9HF11
318.0127,1,715,C11H5F7O3
318.0302,1,705,C9H7F9O2
318.0302,1,797,C9H7F9O2
318.0302,1,534,C9H7F9O2
318.0338,1,605,C8H9F7O5
318.0491,1,248,C12H9F7O2
318.0522,1,745,C8H13F7O3Si
318.103,1,482,C11H15F9
318.9902,1,508,C10H4F7NOS
319.0079,1,776,C10H4F7NO3
319.0113,1,802,C7H8F7NO3S
319.0443,1,489,C11H8F7NO2
319.0443,1,299,C11H8F7NO2
319.0443,1,894,C11H8F7NO2
319.0443,1,934,C11H8F7NO2
319.0619,1,482,C9H10F9NO
319.0619,1,341,C9H10F9NO
319.0807,1,996,C12H12F7NO
319.9647,1,672,C7H8BrF7O
319.9707,1,739,C5F12O2
319.9871,1,228,C6HF13
319.9871,1,630,C6HF13
319.9871,1,687,C6HF13
319.9951,1,629,C10H4ClF7N2
320.0095,1,250,C8H5F9O3
320.0095,1,707,C8H5F9O3
320.0248,1,884,C12H5F9
320.0283,1,508,C11H7F7O3
320.0396,1,567,C10H7F7N2O2
320.0459,1,912,C9H9F9O2
320.0459,1,107,C9H9F9O2
320.0459,1,407,C9H9F9O2
320.0483,1,932,C11H10F6O4
320.0823,1,506,C10H13F9O
321.02,1,788,C11H4F9N
321.0236,1,840,C10H6F7NO3
321.0411,1,488,C8H8F9NO2
321.0775,1,266,C9H12F9NO
321.9089,1,185,C5H2F7I
321.9089,1,712,C5H2F7I
321.9898,1,176,C10H5F7O2S
322.0404,1,712,C12H7F9
322.0404,1,454,C12H7F9
322.0552,1,981,C10H9F7N2O2
322.0615,1,851,C9H11F9O2
322.9948,1,509,C10H5ClF7NO
322.9948,1,321,C10H5ClF7NO
322.9948,1,731,C10H5ClF7NO
323.0312,1,292,C11H9ClF7N
323.8882,1,911,C4F7IO
323.9196,1,320,C6H2BrF9
323.9246,1,791,C5H4F7I
323.9246,1,140,C5H4F7I
323.9385,1,845,C9H4BrF7
323.9385,1,304,C9H4BrF7
323.9385,1,729,C9H4BrF7
323.9385,1,468,C9H4BrF7
323.9867,1,555,C7H5F9O2S
324.0197,1,712,C11H5F9O
324.023,1,944,C8H9F9OS
324.0345,1,170,C9H7F7N2O3
324.0796,1,723,C11H14F6O4
324.9337,1,988,C8H3BrF7N
324.9337,1,885,C8H3BrF7N
324.9337,1,581,C8H3BrF7N
324.9797,1,542,C6HF10NO3
325.0338,1,553,C13H6F7NO
325.0513,1,299,C11H8F9N
325.1277,1,484,C12H18F7NO
325.1277,1,842,C12H18F7NO
325.8989,1,609,C5BrF9O
325.9148,1,754,C6Cl2F8O2
325.9353,1,436,C6H4BrF9
325.9659,1,897,C6H3F9O3S
325.9756,1,896,C7H4ClF9O2
325.9756,1,706,C7H4ClF9O2
326.0165,1,492,C8H5F11O
326.0165,1,433,C8H5F11O
326.0165,1,365,C8H5F11O
326.0165,1,284,C8H5F11O
326.0353,1,831,C11H7F9O
326.0353,1,872,C11H7F9O
326.0353,1,933,C11H7F9O
326.0389,1,985,C10H9F7O4
326.0389,1,280,C10H9F7O4
326.1117,1,120,C12H17F7O2
326.9652,1,531,C9H5Cl2F6NO
327.0306,1,108,C10H6F9NO
327.9446,1,893,C7H4BrF7N2
327.9758,1,194,C7F12O
327.9758,1,492,C7F12O
327.9816,1,895,C6H5F9O3S
327.9911,1,439,C6H6F9O3P
327.9957,1,136,C7H3F11O2
327.9957,1,689,C7H3F11O2
327.9957,1,924,C7H3F11O2
328.0321,1,580,C8H7F11O
328.0368,1,590,C10H11F7O2S
328.0447,1,752,C12H7F7N2O
328.0559,1,784,C11H7F7N4
328.081,1,760,C13H11F7N2
328.991,1,704,C6H2F11NO2
329.0054,1,156,C9H7ClF7NO2
329.0262,1,344,C10H5F10N
329.0498,1,915,C9H10F7NO4
329.0651,1,811,C13H10F7NO
329.8938,1,324,C4BrF9O2
329.9036,1,483,C5H4Cl3F7Si
329.9408,1,142,C5F10O3S
329.975,1,980,C6HF11O3
329.975,1,682,C6HF11O3
330.0051,1,137,C8H3F9N2O2
330.0302,1,902,C10H7F9O2
330.0666,1,871,C11H11F9O
330.103,1,778,C12H15F9
330.103,1,642,C12H15F9
331.0055,1,945,C9H3F10NO
331.0192,1,322,C10H4F7N3O2
331.0807,1,938,C13H12F7NO
331.0807,1,254,C13H12F7NO
331.0807,1,896,C13H12F7NO
331.0857,1,289,C10H12F9N2
331.1018,1,257,C10H16F7NO3
331.9462,1,256,C6ClF11O
331.9565,1,893,C5H2F10O3S
331.9707,1,461,C6F12O2
331.9707,1,264,C6F12O2
331.9871,1,401,C7HF13
331.9871,1,650,C7HF13
331.9953,1,581,C8H7F7O4S
332.0071,1,594,C7H4F12O
332.0071,1,346,C7H4F12O
332.0071,1,471,C7H4F12O
332.0259,1,185,C10H6F10O
332.0459,1,910,C10H9F9O2
332.0459,1,970,C10H9F9O2
332.1187,1,563,C12H17F9
332.9809,1,267,C8H2F9O4
332.9823,1,487,C6F13N
333.0001,1,140,C7H7F7NO4P
333.0236,1,886,C11H6F7NO3
333.1139,1,118,C11H16F9N
333.8785,1,173,C4HCl3F8Si
333.9522,1,182,C5HF11O2S
334.0027,1,401,C7H3F13
334.0188,1,984,C10H5F7N2O3
334.024,1,154,C12H6F8O2
334.0251,1,639,C9H7F9O3
334.0404,1,248,C13H7F9
334.044,1,742,C12H9F7O3
334.044,1,571,C12H9F7O3
334.0979,1,145,C11H15F9O
335.0029,1,512,C10H4F7NO4
335.0029,1,238,C10H4F7NO4
335.0357,1,482,C12H6F9N
335.0357,1,1000,C12H6F9N
335.9167,1,919,C5Cl2F10O
335.9167,1,406,C5Cl2F10O
335.9808,1,336,C9F12
335.9808,1,374,C9F12
335.982,1,985,C6HF13O
335.9863,1,351,C8H11F7OSe
335.9981,1,204,C9H3F7N2O4
336.0121,1,460,C8H3F11N2
336.0197,1,245,C12H5F9O
336.0309,1,305,C11H5F9N2
336.052,1,184,C8H9F9N2O2
336.0561,1,276,C13H9F9
336.0596,1,866,C12H11F7O3
336.0709,1,772,C11H11F7N2O2
336.0709,1,276,C11H11F7N2O2
336.9772,1,892,C5F13NO
337.0104,1,461,C11H7ClF7NO
337.0713,1,326,C12H11F8NO
337.9541,1,801,C10H6BrF7
337.9776,1,572,C6F14
337.9776,1,782,C6F14
337.9776,1,697,C6F14
337.9776,1,446,C6F14
338.0353,1,930,C12H7F9O
338.0564,1,840,C9H11F9O3
338.1844,1,312,C15H25F7
338.9976,1,170,C7H6F9NO2S
339.0175,1,448,C7H9F8NO3S
339.0306,1,450,C11H6F9NO
339.0494,1,100,C14H8F7NO
339.067,1,193,C12H10F9N
339.9688,1,612,C7H9Cl2F7OSi
339.9913,1,433,C8H6ClF9O2
339.9957,1,424,C8H3F11O2
340.0097,1,610,C8H10ClF9Si
340.0121,1,289,C9H4F12
340.0146,1,839,C11H5F9O2
340.0146,1,709,C11H5F9O2
340.018,1,448,C8H9F9O2S
340.0321,1,261,C9H7F11O
340.0685,1,936,C10H11F11
341.0098,1,547,C10H4F9NO2
341.0098,1,676,C10H4F9NO2
341.0132,1,605,C7H8F9NO2S
341.0862,1,584,C11H14F7NO3
341.1226,1,800,C12H18F7NO2
341.9813,1,885,C11H7Cl2F7
341.9914,1,765,C8H2F12O
341.9972,1,542,C7H7F9O3S
342.0114,1,673,C8H5F11O2
342.0239,1,655,C12H5F7N2O2
342.0466,1,339,C12H8F10
342.0866,1,301,C12H14F8O2
342.9577,1,889,C7H4Cl2F9N
342.9855,1,381,C10F11N
342.9925,1,558,C6H6F9NO3S
343.9707,1,677,C7F12O2
343.9871,1,980,C8HF13
343.9871,1,989,C8HF13
343.9907,1,391,C7H3F11O3
343.9907,1,452,C7H3F11O3
343.9907,1,883,C7H3F11O3
344.0207,1,204,C9H5F9N2O2
344.027,1,518,C8H7F11O2
344.027,1,464,C8H7F11O2
344.9823,1,858,C7F13N
345.0461,1,247,C10H6F7N5O
345.0775,1,956,C11H12F9NO
345.8901,1,471,C4F9I
345.8901,1,700,C4F9I
345.8901,1,189,C4F9I
345.8901,1,317,C4F9I
345.9358,1,616,C5F10O4S
345.9477,1,588,C6H4ClF9O2S
345.9699,1,864,C6HF11O4
345.9822,1,715,C8H3F9N2OS
345.9863,1,694,C7H2F12O2
346.0027,1,757,C8H3F13
346.0027,1,946,C8H3F13
346.0027,1,152,C8H3F13
346.0153,1,626,C12H3F9N2
346.0251,1,598,C10H7F9O3
346.044,1,100,C13H9F7O3
346.0451,1,582,C10H10F8O4
346.0615,1,555,C11H11F9O2
346.0615,1,948,C11H11F9O2
346.1343,1,882,C13H19F9
347.079,1,653,C10H16F7NO2S
347.9411,1,942,C6ClF11O2
347.9656,1,795,C6F12O3
347.9808,1,315,C10F12
347.982,1,699,C7HF13O
347.982,1,116,C7HF13O
348.0184,1,883,C8H5F13
348.0184,1,774,C8H5F13
348.0408,1,482,C10H9F9O3
348.0628,1,115,C9H15F7O4Si
348.0628,1,906,C9H15F7O4Si
348.0772,1,675,C11H13F9O2
348.0884,1,565,C10H13F9N2O
348.096,1,453,C14H15F7O2
348.096,1,574,C14H15F7O2
348.1136,1,912,C12H17F9O
348.1136,1,100,C12H17F9O
348.1136,1,261,C12H17F9O
348.9772,1,122,C6F13NO
349.0136,1,583,C7H4F13N
349.0513,1,477,C13H8F9N
349.0513,1,430,C13H8F9N
349.0908,1,729,C10H16F9NSi
349.8817,1,545,C4Cl2F8O3S
349.9471,1,910,C5HF11O3S
349.9776,1,826,C7F14
349.9776,1,395,C7F14
349.9776,1,697,C7F14
349.9776,1,216,C7F14
349.9976,1,805,C7H3F13O
349.9976,1,534,C7H3F13O
349.9976,1,455,C7H3F13O
349.9976,1,217,C7H3F13O
350.0138,1,763,C10H5F7N2O4
350.0201,1,120,C9H7F9O4
350.0211,1,533,C12H9F7O2S
350.0277,1,298,C9H5F11N2
350.0365,1,102,C10H8F10O2
350.0389,1,833,C12H9F7O4
351.0261,1,200,C12H9ClF7NO
351.9116,1,490,C5Cl2F10O2
351.9195,1,345,C6H4F7IO
351.9195,1,722,C6H4F7IO
351.9427,1,876,C5F12O2S
351.9559,1,557,C7H8F7I
351.9559,1,815,C7H8F7I
351.9605,1,270,C5F12O4
351.9698,1,131,C11H8BrF7
351.9913,1,957,C9H6ClF9O2
351.9968,1,131,C12H5F9S
351.9968,1,881,C12H5F9S
351.9968,1,104,C12H5F9S
352.965,1,485,C10H7BrF7N
352.9858,1,384,C6HF10N3O3
353.159,1,382,C14H22F7NO
353.849,1,303,C5H3Br2F7
353.9152,1,547,C6H3F8I
353.9352,1,257,C6H6F7IO
353.9352,1,612,C6H6F7IO
353.9481,1,614,C6ClF13
353.9481,1,725,C6ClF13
353.9666,1,662,C8H8BrF9
353.9972,1,863,C8H7F9O3S
354.0114,1,602,C9H5F11O2
354.0114,1,285,C9H5F11O2
354.0114,1,132,C9H5F11O2
354.0114,1,504,C9H5F11O2
354.0161,1,248,C11H9F7O3S
354.0278,1,877,C10H6F12
354.0302,1,777,C12H7F9O2
354.0666,1,488,C13H11F9O
354.0842,1,967,C11H13F11
354.143,1,388,C14H21F7O2
356.0129,1,998,C8H9F9O3S
356.027,1,539,C9H7F11O2
356.027,1,936,C9H7F11O2
356.0459,1,408,C12H9F9O2
356.076,1,665,C14H11F7N2O
356.9394,1,508,C9H3Cl2F6NO3
356.9558,1,790,C10H4Cl2F7NO
356.9558,1,957,C10H4Cl2F7NO
356.9558,1,547,C10H4Cl2F7NO
356.9558,1,167,C10H4Cl2F7NO
356.9558,1,352,C10H4Cl2F7NO
356.9558,1,409,C10H4Cl2F7NO
357.0081,1,589,C7H8F9NO3S
357.0081,1,929,C7H8F9NO3S
357.0211,1,964,C11H5F10NO
357.0447,1,764,C10H10F7NO5
357.0775,1,706,C12H12F9NO
357.8239,1,825,C4Br2F8
357.8901,1,596,C5F9I
357.9557,1,110,C6H3F9O5S
357.9699,1,320,C7HF11O4
357.9863,1,319,C8H2F12O2
357.9863,1,925,C8H2F12O2
357.9964,1,688,C10HF11N2
358.0063,1,540,C8H5F11O3
358.0063,1,799,C8H5F11O3
358.0063,1,861,C8H5F11O3
358.0227,1,919,C9H6F12O
358.0364,1,541,C10H7F9N2O2
358.0415,1,347,C12H8F10O
358.1179,1,866,C13H18F8O2
358.1343,1,798,C14H19F9
359.0026,1,855,C10H6F9NOS
359.0215,1,134,C13H8F7NOS
359.9058,1,590,C5H2F9I
359.9142,1,708,C6H6Cl3F7OSi
359.955,1,444,C7H7Cl2F9Si
359.9689,1,137,C10H5F9S2
359.9963,1,943,C11H6ClF9O
360.0184,1,1000,C9H5F13
360.0772,1,968,C12H13F9O2
360.15,1,146,C14H21F9
360.9916,1,627,C10H5ClF9NO
361.0549,1,879,C13H10F7NO3
361.9062,1,887,C5ClF9O4S
361.9159,1,308,C6HCl2F9O3
361.9471,1,229,C6HF11O3S
361.9801,1,464,C10HF11O2
361.996,1,714,C11H5F7N2O2S
361.9976,1,537,C8H3F13O
361.9976,1,975,C8H3F13O
362.0089,1,552,C7H3F13N2
362.0176,1,365,C8H6F12O2
362.034,1,965,C9H7F13
362.0466,1,393,C13H7F9N2
362.0564,1,430,C11H11F9O3
362.0673,1,399,C11H10BF7N2O3
362.0673,1,501,C11H10BF7N2O3
362.0928,1,737,C12H15F9O2
362.1112,1,192,C12H19F9Si
362.9691,1,317,C7F13O2
362.9753,1,589,C9F11NO2
362.9787,1,983,C6H4F11NO2S
362.9929,1,565,C7H2F13NO
363.0293,1,966,C8H6F13N
363.0739,1,199,C10H16F7NO3S
363.8957,1,221,C5BrF11O
363.9427,1,179,C6F12O2S
363.9524,1,618,C7HClF12O
363.9627,1,601,C6H3F11O3S
363.9758,1,880,C10F12O
363.9769,1,711,C7HF13O2
363.9769,1,308,C7HF13O2
363.9769,1,938,C7HF13O2
363.9933,1,804,C8H2F14
363.9933,1,509,C8H2F14
363.9933,1,786,C8H2F14
364.0133,1,431,C8H5F13O
364.0133,1,628,C8H5F13O
364.0133,1,944,C8H5F13O
364.0146,1,719,C13H5F9O2
364.0294,1,308,C11H7F7N2O4
364.0368,1,358,C13H11F7O2S
364.0368,1,136,C13H11F7O2S
365.9726,1,693,C7F14O
365.9726,1,252,C7F14O
365.9726,1,874,C7F14O
365.9726,1,230,C7F14O
365.9726,1,497,C7F14O
365.9726,1,924,C7F14O
365.9914,1,392,C10H2F12O
365.9925,1,402,C7H3F13O2
365.9972,1,472,C9H7F9O3S
365.9972,1,624,C9H7F9O3S
365.9972,1,746,C9H7F9O3S
366.0089,1,348,C8H4F14
366.0089,1,730,C8H4F14
366.0089,1,307,C8H4F14
366.0114,1,581,C10H5F11O2
366.0161,1,920,C12H9F7O3S
366.0302,1,472,C13H7F9O2
366.9443,1,622,C10H5BrF7NO
366.9925,1,383,C8H6F9NO3S
367.0225,1,447,C10H8F7N3O2S
367.1746,1,845,C15H24F7NO
367.9508,1,258,C7H8F7IO
367.9882,1,421,C7H2F14O
367.9882,1,911,C7H2F14O
368.027,1,537,C10H7F11O2
368.027,1,161,C10H7F11O2
368.0306,1,110,C9H9F9O5
368.049,1,521,C9H13F9O3Si
368.2749,1,328,C22H40O2S
369.0223,1,319,C9H6F11NO2
369.0281,1,938,C8H11F8NO4S
369.9839,1,808,C7HF15
369.9921,1,324,C8H7F9O4S
370.0063,1,356,C9H5F11O3
370.0063,1,486,C9H5F11O3
370.0074,1,358,C12H7F9OS
370.0227,1,394,C10H6F12O
370.0451,1,432,C12H10F8O4
370.9791,1,504,C6F15N
371.0026,1,637,C11H6F9NOS
371.0238,1,931,C8H10F9NO3S
371.0604,1,194,C11H12F7NO5
371.0604,1,745,C11H12F7NO5
371.9246,1,483,C9H4F7I
371.9246,1,591,C9H4F7I
371.9898,1,620,C7H9F9O3SSi
372.0078,1,409,C8H9F9O4S
372.0184,1,538,C10H5F13
372.0184,1,184,C10H5F13
372.022,1,167,C9H7F11O3
372.022,1,441,C9H7F11O3
372.023,1,103,C12H9F9OS
372.052,1,658,C11H9F9N2O2
372.0709,1,683,C14H11F7N2O2
372.9772,1,191,C8F13NO
373.0774,1,381,C12H10F7N5O
373.8188,1,623,C4Br2F8O
373.9214,1,320,C6H4F9I
373.9402,1,480,C9H6F7I
373.9402,1,294,C9H6F7I
374.0023,1,679,C11H7F9O2S
374.0654,1,424,C17H9F7N2
375.9758,1,345,C11F12O
375.9816,1,435,C10H5F9O3S
376.0133,1,832,C9H5F13O
376.0133,1,831,C9H5F13O
376.0133,1,960,C9H5F13O
376.0133,1,792,C9H5F13O
376.0497,1,225,C10H9F13
376.0721,1,884,C12H13F9O3
377.0085,1,454,C8H4F13NO
377.0862,1,369,C14H14F7NO3
377.159,1,926,C16H22F7NO
377.8799,1,342,C4F9IO2
377.9715,1,804,C9H10F7I
377.9715,1,901,C9H10F7I
377.9726,1,615,C8F14O
377.9761,1,849,C7H2F12O4
377.9784,1,993,C7H5F11O3S
377.9925,1,791,C8H3F13O2
377.9925,1,976,C8H3F13O2
378.0038,1,102,C7H3F13N2O
378.0109,1,311,C8H7F13Si
378.0289,1,419,C9H7F13O
378.0289,1,832,C9H7F13O
378.0415,1,918,C13H7F9N2O
378.0415,1,182,C13H7F9N2O
378.0524,1,797,C14H13F7O2S
378.0524,1,646,C14H13F7O2S
378.0524,1,545,C14H13F7O2S
378.0678,1,122,C12H12F10O2
378.9867,1,107,C10HF12NO
378.9867,1,766,C10HF12NO
379.9004,1,932,C6H4Cl3F9Si
379.9377,1,268,C6F12O3S
379.9718,1,336,C7HF13O3
379.9718,1,428,C7HF13O3
379.9872,1,385,C9H12F7I
379.9872,1,958,C9H12F7I
379.9904,1,366,C8H5F13S
380.0129,1,177,C10H9F9O3S
380.027,1,267,C11H7F11O2
380.0317,1,193,C13H11F7O3S
380.0317,1,540,C13H11F7O3S
380.0854,1,508,C11H17F9O2Si
381.0198,1,744,C8H5F14N
381.1903,1,244,C16H26F7NO
381.943,1,356,C7ClF13O
381.9533,1,163,C6H2F12O3S
381.9675,1,158,C7F14O2
381.9794,1,790,C8H4ClF13
381.9839,1,133,C8HF15
381.9979,1,964,C10H12BrF9
382.0039,1,178,C8H4F14O
382.0039,1,169,C8H4F14O
382.011,1,958,C12H9F7O4S
382.0222,1,343,C11H9F7N2O3S
382.0427,1,662,C11H9F11O2
382.9791,1,459,C7F15N
383.0392,1,322,C15H8F7NO3
383.949,1,163,C6HF13O2S
383.9867,1,188,C12H5F9O2S
384.0156,1,724,C11H5F9N2O3
384.022,1,154,C10H7F11O3
384.0442,1,797,C10H13F9O3S
384.0537,1,130,C10H14F9O3P
384.0554,1,638,C9H13F9N2O2S
384.0554,1,400,C9H13F9N2O2S
384.0747,1,845,C12H12F12
384.0772,1,382,C14H13F9O2
385.003,1,947,C8H8F9NO4S
385.0183,1,600,C12H8F9NOS
385.0394,1,540,C9H12F9NO3S
385.0536,1,108,C10H10F11NO2
385.1025,1,649,C15H14F7N3O
385.9202,1,783,C6ClF13S
385.9776,1,752,C10F14
385.9776,1,939,C10F14
385.9776,1,698,C10F14
385.9788,1,986,C7HF15O
386.0176,1,815,C10H6F12O2
386.0277,1,781,C12H5F11N2
386.0365,1,698,C13H8F10O2
386.0365,1,709,C13H8F10O2
386.0376,1,330,C10H9F11O3
386.0376,1,671,C10H9F11O3
386.0376,1,729,C10H9F11O3
386.1656,1,642,C16H23F9
387.0187,1,152,C8H10F9NO4S
387.0187,1,411,C8H10F9NO4S
387.0293,1,828,C10H6F13N
387.0917,1,640,C12H16F7NO5
387.1041,1,607,C22H17N3O2S
387.8957,1,379,C7BrF11O
387.9371,1,150,C7H6F9I
387.9371,1,585,C7H6F9I
387.9745,1,287,C7F16
387.9745,1,405,C7F16
387.9745,1,799,C7F16
387.9745,1,492,C7F16
387.9745,1,408,C7F16
387.9847,1,534,C7H9F9O4SSi
387.9969,1,870,C9H4F12O3
388.0081,1,399,C8H4F12N2O2
388.0169,1,409,C9H7F11O4
388.1813,1,409,C16H25F9
388.9721,1,795,C8F13NO2
388.9721,1,431,C8F13NO2
388.9932,1,398,C11H5F10NOS
388.9932,1,661,C11H5F10NOS
388.9944,1,703,C8H6F11NO2S
389.0085,1,199,C9H4F13NO
389.0132,1,262,C11H8F9NO2S
389.0198,1,794,C8H4F13N3
389.031,1,109,C11H8F9NO4
389.9603,1,916,C12H6BrF7N2
389.9603,1,788,C12H6BrF7N2
389.975,1,839,C11HF11O3
389.9761,1,911,C8H2F12O4
389.9925,1,436,C9H3F13O2
389.9945,1,991,C8H6F12O2Si
389.9972,1,780,C11H7F9O3S
389.9972,1,142,C11H7F9O3S
390.0415,1,639,C14H7F9N2O
390.0653,1,867,C11H11F13
390.1097,1,321,C12H21F7O4Si
390.1605,1,891,C15H23F9O
390.9168,1,271,C10H3Cl3F7NO
391.0066,1,156,C11H4F11NO2
391.8605,1,650,C9H2BrCl2F7
391.912,1,568,C6H3F10I
391.9707,1,461,C11F12O2
391.9765,1,552,C10H5F9O4S
391.9918,1,747,C8H4F12O4
392.0082,1,533,C9H5F13O2
392.0082,1,230,C9H5F13O2
392.0082,1,832,C9H5F13O2
392.0266,1,244,C9H9F13Si
392.027,1,729,C12H7F11O2
392.0446,1,691,C10H9F13O
392.0607,1,901,C13H11F7N2O4
392.0681,1,965,C15H15F7O2S
392.0681,1,225,C15H15F7O2S
392.0681,1,247,C15H15F7O2S
392.0681,1,469,C15H15F7O2S
392.0681,1,774,C15H15F7O2S
392.0681,1,348,C15H15F7O2S
393.0081,1,439,C10H8F9NO3S
393.9697,1,569,C8H3F13OS
394.0028,1,633,C10H14F7I
394.0028,1,567,C10H14F7I
394.0238,1,349,C9H7F13O2
394.0238,1,860,C9H7F13O2
394.0285,1,205,C11H11F9O3S
394.0474,1,418,C14H13F7O3S
394.0474,1,190,C14H13F7O3S
394.0474,1,756,C14H13F7O3S
394.9791,1,473,C8F15N
395.0238,1,704,C10H10F9NO3S
395.8869,1,574,C5F11I
395.8869,1,634,C5F11I
395.8869,1,114,C5F11I
395.9445,1,651,C7H4ClF11O2S
395.9457,1,139,C8H8F7IO2
395.9641,1,336,C8H12F7ISi
395.9667,1,933,C7HF13O4
395.9667,1,521,C7HF13O4
395.969,1,695,C7H4F12O3S
395.969,1,450,C7H4F12O3S
395.9831,1,582,C8H2F14O2
395.9831,1,868,C8H2F14O2
395.9995,1,363,C9H3F15
396.0184,1,109,C12H5F13
396.0266,1,323,C13H11F7O4S
396.0266,1,268,C13H11F7O4S
396.0441,1,756,C17H14F6S2
396.0556,1,290,C12H11F7N2O5
396.0583,1,679,C12H11F11O2
397.0536,1,458,C11H10F11NO2
397.8752,1,973,C7H7Br2F7O
397.8976,1,569,C6BrF13
397.8976,1,852,C6BrF13
397.9624,1,827,C7F14O3
397.9776,1,390,C11F14
397.9788,1,928,C8HF15O
397.9788,1,957,C8HF15O
397.9824,1,111,C7H3F13O4
398.0376,1,849,C11H9F11O3
398.9361,1,718,C6F13O3S
398.9599,1,815,C6H2F13NO2S
398.974,1,255,C7F15NO
399.0104,1,171,C8H4F15N
399.0293,1,499,C11H6F13N
399.0329,1,844,C10H8F11NO3
399.0789,1,295,C10H16F9N2O2S
399.9439,1,955,C6HF13O3S
399.9534,1,867,C6H2F13O3P
399.9745,1,328,C8F16
399.9745,1,246,C8F16
399.9745,1,978,C8F16
399.9745,1,803,C8F16
399.9745,1,330,C8F16
399.9745,1,403,C8F16
399.9745,1,750,C8F16
399.9944,1,322,C8H3F15O
399.9944,1,583,C8H3F15O
399.9944,1,637,C8H3F15O
400.018,1,987,C13H9F9O2S
400.0245,1,874,C10H5F13N2
400.0333,1,671,C11H8F12O2
400.0463,1,912,C16H12F7O2P
400.0503,1,431,C9H13F9N2O3S
400.0533,1,601,C11H11F11O3
400.0533,1,643,C11H11F11O3
400.9768,1,954,C11H4F9NO3S
400.9768,1,334,C11H4F9NO3S
400.9881,1,320,C10H4F9N3O2S
401.0274,1,572,C13H6F11NO
401.9302,1,325,C11H4BrF9O
401.9395,1,715,C6F14O2S
401.9527,1,405,C8H8F9I
401.9748,1,796,C10H3F13S
401.9748,1,129,C10H3F13S
401.9901,1,972,C8H2F16
401.9972,1,786,C12H7F9O3S
402.0145,1,665,C9H9F11O3Si
402.0289,1,918,C11H7F13O
402.0814,1,720,C15H13F7N2O3
402.9516,1,925,C10H5ClF7NO4S
403.0354,1,358,C9H6F13N3
403.8458,1,482,C6H3Br2F9
403.932,1,889,C7H6F9IO
403.9458,1,433,C11H6BrF9O
403.9458,1,162,C11H6BrF9O
403.9694,1,908,C7F16O
404.0082,1,188,C10H5F13O2
404.0082,1,579,C10H5F13O2
404.0082,1,289,C10H5F13O2
404.0129,1,344,C12H9F9O3S
404.0446,1,383,C11H9F13O
404.067,1,130,C13H13F9O4
404.081,1,604,C12H13F13
404.9411,1,429,C10H5BrF9NO
404.9637,1,610,C11H5ClF9NOS
404.9857,1,107,C9H4F13NS
406.0063,1,956,C12H5F11O3
406.0238,1,999,C10H7F13O2
406.0238,1,998,C10H7F13O2
406.0238,1,912,C10H7F13O2
406.0238,1,246,C10H7F13O2
406.0238,1,648,C10H7F13O2
406.0238,1,467,C10H7F13O2
406.0602,1,116,C11H11F13O
406.0602,1,181,C11H11F13O
406.0602,1,833,C11H11F13O
406.0837,1,928,C16H17F7O2S
406.0837,1,129,C16H17F7O2S
406.0837,1,811,C16H17F7O2S
406.0837,1,357,C16H17F7O2S
406.1028,1,733,C17H13F7N4
406.9827,1,416,C8H2F13NO3
407.0049,1,922,C8H8F11NO3S
407.0103,1,680,C8H3F14N3
407.0191,1,179,C9H6F13NO2
407.0191,1,668,C9H6F13NO2
407.1439,1,355,C12H22F9N3Si
407.8869,1,958,C6F11I
407.9667,1,939,C8HF13O4
407.9831,1,698,C9H2F14O2
407.9932,1,702,C11HF13N2
407.9979,1,211,C13H5F9N2OS
408.0185,1,212,C11H16F7I
408.0395,1,295,C10H9F13O2
408.0395,1,730,C10H9F13O2
408.0395,1,553,C10H9F13O2
408.063,1,501,C15H15F7O3S
408.063,1,226,C15H15F7O3S
408.063,1,495,C15H15F7O3S
408.063,1,639,C15H15F7O3S
408.063,1,314,C15H15F7O3S
408.063,1,253,C15H15F7O3S
409.0394,1,831,C11H12F9NO3S
409.0394,1,923,C11H12F9NO3S
409.0758,1,643,C12H16F9NO2S
409.9026,1,591,C6H2F11I
409.9176,1,959,C7H3BrF12O
409.9601,1,448,C8H6ClF11O2S
409.9624,1,895,C8F14O3
409.9624,1,636,C8F14O3
410.0024,1,758,C8H6F12O5
410.01,1,282,C8H4F14N2O
410.0152,1,764,C10H5F15
410.034,1,864,C13H7F13
410.0423,1,389,C14H13F7O4S
410.0423,1,360,C14H13F7O4S
410.0423,1,346,C14H13F7O4S
410.074,1,364,C13H13F11O2
410.096,1,798,C12H19F9O3Si
410.2056,1,533,C18H29F7O2
410.9787,1,675,C10H4F11NO2S
411.0187,1,534,C10H10F9NO4S
411.0293,1,377,C12H6F13N
411.0293,1,540,C12H6F13N
411.0293,1,112,C12H6F13N
411.8818,1,506,C5F11IO
411.8818,1,654,C5F11IO
411.9294,1,317,C10H4BrF7N2O3
411.9439,1,642,C7HF13O3S
411.9616,1,933,C7HF13O5
411.9734,1,187,C7H5F12O4P
411.9944,1,637,C9H3F15O
412.0057,1,856,C8H3F15N2
412.0133,1,993,C12H5F13O
412.0245,1,267,C11H5F13N2
412.0505,1,282,C12H11F7N2O6
412.0533,1,543,C12H11F11O3
412.0533,1,372,C12H11F11O3
412.9659,1,289,C8F15O2
412.9755,1,584,C7H4F13NO2S
412.9897,1,406,C8H2F15NO
413.0343,1,851,C10H12F9NO4S
413.9395,1,894,C7F14O2S
413.9595,1,139,C7H3F13O3S
413.9726,1,160,C11F14O
413.9737,1,710,C8HF15O2
413.9737,1,683,C8HF15O2
413.9737,1,149,C8HF15O2
413.9737,1,191,C8HF15O2
413.9737,1,688,C8HF15O2
413.9737,1,474,C8HF15O2
413.9737,1,236,C8HF15O2
413.9737,1,278,C8HF15O2
413.9737,1,249,C8HF15O2
413.9737,1,217,C8HF15O2
413.9737,1,269,C8HF15O2
413.9737,1,540,C8HF15O2
413.9737,1,548,C8HF15O2
413.9737,1,328,C8HF15O2
413.9737,1,573,C8HF15O2
413.9737,1,447,C8HF15O2
413.9737,1,808,C8HF15O2
413.9737,1,499,C8HF15O2
413.9737,1,413,C8HF15O2
413.9737,1,385,C8HF15O2
413.9737,1,892,C8HF15O2
413.9737,1,747,C8HF15O2
413.9737,1,695,C8HF15O2
413.9737,1,903,C8HF15O2
413.9737,1,270,C8HF15O2
413.9737,1,815,C8HF15O2
413.9737,1,214,C8HF15O2
413.9737,1,429,C8HF15O2
413.9737,1,456,C8HF15O2
413.9737,1,739,C8HF15O2
413.9737,1,389,C8HF15O2
413.9737,1,632,C8HF15O2
413.9737,1,615,C8HF15O2
413.9737,1,339,C8HF15O2
413.9737,1,686,C8HF15O2
413.9737,1,925,C8HF15O2
413.9737,1,813,C8HF15O2
413.9737,1,312,C8HF15O2
413.9737,1,577,C8HF15O2
413.9901,1,968,C9H2F16
413.9901,1,482,C9H2F16
413.9901,1,121,C9H2F16
414.0089,1,916,C12H4F14
414.0101,1,249,C9H5F15O
414.0101,1,839,C9H5F15O
414.0101,1,981,C9H5F15O
414.0338,1,580,C16H9F7O5
414.0689,1,516,C12H13F11O3
414.0689,1,206,C12H13F11O3
414.1969,1,954,C18H27F9
414.9304,1,969,C10H5F7INO
414.9771,1,254,C8HF15O2
415.05,1,225,C10H14F9NO4S
415.05,1,919,C10H14F9NO4S
415.9404,1,547,C8H3Cl2F13
415.9694,1,441,C8F16O
415.9694,1,505,C8F16O
415.9694,1,506,C8F16O
415.9694,1,497,C8F16O
415.9694,1,148,C8F16O
415.9694,1,875,C8F16O
415.9795,1,793,C13H10BrF5N2O3
415.9804,1,597,C8HF15O2
415.9877,1,766,C11H5F9N2O3S
415.9894,1,120,C8H3F15O2
415.9894,1,780,C8H3F15O2
416.0412,1,144,C16H12F7O3P
416.081,1,186,C13H13F13
416.0971,1,852,C16H15F7N2O3
416.2126,1,799,C18H29F9
417.0171,1,360,C11H5F10N3O3
417.056,1,680,C14H10F7N3O4
417.0587,1,678,C14H10F11NO
417.9033,1,925,C6Cl2F12O3
417.91,1,348,C6ClF13O2S
417.9476,1,746,C8H8F9IO
418.0238,1,146,C11H7F13O2
418.0238,1,158,C11H7F13O2
418.0238,1,672,C11H7F13O2
418.0285,1,392,C13H11F9O3S
418.0966,1,955,C13H15F13
419.0238,1,262,C12H10F9NO3S
419.0379,1,783,C13H8F11NO2
419.0392,1,776,C18H8F7NO3
419.0555,1,597,C11H10F13NO
419.0555,1,611,C11H10F13NO
419.1232,1,716,C19H16F7N3
419.9643,1,800,C7F16O2
419.9807,1,828,C8HF17
420.0031,1,388,C10H5F13O3
420.0031,1,439,C10H5F13O3
420.022,1,549,C13H7F11O3
420.0395,1,851,C11H9F13O2
420.0395,1,690,C11H9F13O2
420.0395,1,843,C11H9F13O2
420.0759,1,388,C12H13F13O
421.0172,1,886,C12H6F11NO3
421.0206,1,185,C9H10F11NO3S
421.0936,1,691,C13H16F9NO4
421.9824,1,144,C9H3F13O4
422.001,1,875,C10H7F13OS
422.0715,1,669,C12H12F14
422.0787,1,115,C16H17F7O3S
422.0787,1,410,C16H17F7O3S
422.0787,1,239,C16H17F7O3S
422.0787,1,235,C16H17F7O3S
422.0865,1,503,C18H13F7N2O2
422.0978,1,581,C17H13F7N4O
422.1059,1,901,C15H20ClF9O
422.994,1,179,C9H3F14NO2
423.8818,1,898,C6F11IO
423.9132,1,166,C8H2BrF13
423.9132,1,813,C8H2BrF13
423.9182,1,156,C7H4F11I
423.9893,1,306,C8H2F14N2O2
423.9944,1,490,C10H3F15O
424.0497,1,956,C14H9F13
424.0579,1,909,C15H15F7O4S
424.0579,1,191,C15H15F7O4S
424.0579,1,555,C15H15F7O4S
424.0579,1,186,C15H15F7O4S
424.0579,1,471,C15H15F7O4S
424.0579,1,493,C15H15F7O4S
425.0343,1,616,C11H12F9NO4S
425.0343,1,853,C11H12F9NO4S
425.0422,1,706,C13H8F9N3O3
425.8469,1,502,C4F9IO3S
425.8833,1,416,C5H4F9IO2S
425.8925,1,925,C7BrF13O
425.9289,1,848,C8H4BrF13
425.9289,1,322,C8H4BrF13
425.9573,1,286,C8F14O4
425.9573,1,957,C8F14O4
425.9573,1,782,C8F14O4
425.9773,1,389,C8H3F13O5
425.9937,1,315,C9H4F14O3
425.9957,1,262,C8H7F13O3Si
426.0101,1,590,C10H5F15O
426.0101,1,894,C10H5F15O
426.0498,1,836,C14H9F7N6S
426.1178,1,161,C18H17F7N2O2
426.9674,1,566,C8H4F13O3S
426.9912,1,136,C8H6F13NO2S
426.9912,1,751,C8H6F13NO2S
426.9925,1,788,C13H6F9NO3S
427.0767,1,601,C16H12F7N3O3
427.8523,1,561,C5ClF10IO
427.8931,1,388,C6HF12I
427.9388,1,533,C7HF13O4S
427.9684,1,917,C10H10F9I
427.9694,1,943,C9F16O
427.9752,1,245,C8H5F13O3S
427.9847,1,443,C8H6F13O3P
427.9894,1,173,C9H3F15O2
427.9894,1,973,C9H3F15O2
427.9904,1,169,C12H5F13S
428.0006,1,940,C8H3F15N2O
428.0257,1,909,C10H7F15O
428.0257,1,182,C10H7F15O
428.0942,1,426,C12H19F9NO3S
428.9366,1,772,C12H8BrClF7NO
428.9846,1,949,C8H2F15NO2
429.0636,1,174,C12H10F13N2
429.8439,1,509,C10H3Br2F7O
429.9442,1,617,C8HClF14O2
429.9675,1,817,C11F14O2
429.9686,1,535,C8HF15O3
429.984,1,312,C10H12F9I
429.984,1,669,C10H12F9I
430.0966,1,908,C14H15F13
430.9155,1,472,C5HF12NO4S2
431.2772,1,219,C30H39S
431.9398,1,289,C8ClF15O
431.9501,1,184,C7H2F14O3S
431.9501,1,968,C7H2F14O3S
431.9643,1,157,C8F16O2
431.9643,1,831,C8F16O2
431.9843,1,195,C8H3F15O3
432.0007,1,893,C9H4F16O
432.019,1,353,C12H9F9N2O3S
432.0395,1,426,C12H9F13O2
432.0395,1,112,C12H9F13O2
432.0444,1,280,C16H11F7O6
432.052,1,185,C16H9F9N2O2
432.052,1,730,C16H9F9N2O2
432.052,1,170,C16H9F9N2O2
432.052,1,261,C16H9F9N2O2
432.1123,1,271,C14H17F13
432.9759,1,691,C8F17N
433.003,1,985,C12H8F9NO4S
433.0347,1,827,C11H8F13NO2
433.0536,1,907,C14H10F11NO2
433.889,1,247,C10Cl3F11
433.9458,1,323,C7HF15O2S
434.0188,1,780,C11H7F13O3
434.0522,1,522,C10H13F11N2O2S
434.0551,1,427,C12H11F13O2
434.0915,1,455,C13H15F13O
434.9853,1,967,C9F15N3
434.9998,1,342,C9H8F11NO4S
435.014,1,103,C10H6F13NO3
435.0362,1,640,C10H12F11NO3S
435.0778,1,277,C13H12F7N5O4
436.0057,1,699,C10H3F15N2
436.0245,1,328,C13H5F13N2
436.0528,1,279,C11H13F13OSi
436.1402,1,1000,C18H24F7O2P
436.9038,1,932,C10CrF9NO5
436.9744,1,223,C7H9F9NO6PS
437.9339,1,438,C8H6F11I
437.9713,1,415,C8F18
437.9713,1,984,C8F18
437.9713,1,490,C8F18
437.9713,1,978,C8F18
437.9713,1,864,C8F18
438.0501,1,547,C11H11F13O3
438.0736,1,195,C16H17F7O4S
438.0736,1,420,C16H17F7O4S
438.0736,1,449,C16H17F7O4S
438.0736,1,705,C16H17F7O4S
438.9912,1,260,C9H6F13NO2S
439.01,1,346,C12H8F11NO2S
439.0477,1,128,C18H12F7NO2S
439.05,1,948,C12H14F9NO4S
439.05,1,421,C12H14F9NO4S
439.0606,1,549,C14H10F13N
439.9131,1,105,C7H4F11IO
439.9131,1,879,C7H4F11IO
439.9532,1,248,C11H6ClF9O4S
439.9894,1,283,C10H3F15O2
440.0033,1,472,C10H10ClF13Si
440.0257,1,359,C11H7F15O
441.0068,1,692,C9H8F13NO2S
441.0398,1,364,C13H8F13NO
441.0964,1,944,C22H14F7NO
441.9088,1,858,C7H3F12I
441.9522,1,918,C8F14O5
441.985,1,832,C10H2F16O
441.9908,1,600,C9H7F13O3S
442.005,1,770,C10H5F15O2
442.005,1,975,C10H5F15O2
442.0438,1,211,C19H11F9S
442.1002,1,273,C14H17F11O3
443.0366,1,837,C10H8F15NO
443.9036,1,149,C10H3Cl2F9O3S
443.9337,1,884,C7HF13O5S
443.9633,1,262,C10H10F9IO
443.9701,1,803,C8H5F13O4S
443.9796,1,580,C8H6F13O4P
443.9807,1,463,C10HF17
443.9843,1,235,C9H3F15O3
443.9997,1,942,C11H14F9I
444.0029,1,502,C10H7F15S
444.0395,1,425,C13H9F13O2
444.1123,1,715,C15H17F13
444.2439,1,671,C20H33F9
444.9759,1,708,C9F17N
445.046,1,553,C11H8F13N3O
445.0711,1,650,C13H12F13NO
445.0873,1,812,C16H14F7N3O4
445.1236,1,403,C17H18F7N3O3
445.8823,1,304,C6BrF13O3
445.8837,1,919,C6F13I
445.8837,1,734,C6F13I
445.8837,1,697,C6F13I
445.9294,1,101,C7F14O4S
445.9413,1,748,C8H4ClF13O2S
445.9433,1,164,C6F18S
445.9635,1,201,C8HF15O4
445.9799,1,604,C9H2F16O2
445.9963,1,910,C10H3F17
446.0524,1,151,C13H11F9N2O5
446.0551,1,968,C13H11F13O2
446.0551,1,557,C13H11F13O2
446.0551,1,288,C13H11F13O2
446.0664,1,264,C12H11F13N2O
446.1279,1,917,C15H19F13
447.8944,1,776,C7BrF15
447.9371,1,509,C12H6F9I
447.9592,1,631,C8F16O3
447.9592,1,394,C8F16O3
448.0005,1,265,C13H6F10O6
448.012,1,279,C10H5F17
448.0344,1,185,C12H9F13O3
448.082,1,756,C12H13F13N2O
448.1072,1,258,C14H17F13O
448.9708,1,307,C8F17NO
449.0072,1,200,C9H4F17N
449.0297,1,123,C11H8F13NO3
449.0757,1,257,C11H16F11N2O2S
449.9407,1,472,C7HF15O3S
449.9407,1,874,C7HF15O3S
449.9713,1,981,C9F18
449.9713,1,506,C9F18
449.9713,1,615,C9F18
449.9713,1,276,C9F18
449.9713,1,694,C9F18
449.9713,1,778,C9F18
449.9713,1,888,C9F18
449.9912,1,662,C9H3F17O
449.9912,1,445,C9H3F17O
450.0137,1,152,C11H7F13O4
450.0345,1,714,C12H14F12S2
450.0471,1,684,C10H13F11N2O3S
450.1028,1,601,C14H16F14
450.9901,1,286,C8H11F9NO6PS
451.9364,1,627,C7F16O2S
451.9705,1,259,C8HF17O2
451.9705,1,671,C8HF17O2
451.9849,1,623,C11H6ClF13O2
452.0116,1,606,C11H9F13O2S
452.0206,1,891,C10H6F14N2O2
452.0477,1,717,C11H13F13O2Si
452.0621,1,992,C13H11F15
452.0761,1,797,C15H22BrF9
453.021,1,141,C11H6F15NO
453.0656,1,833,C13H16F9NO4S
453.7962,1,164,C4F8I2
453.9417,1,582,C8ClF17
453.9602,1,386,C10H8BrF13
453.9662,1,638,C8F18O
453.9662,1,692,C8F18O
453.9662,1,646,C8F18O
453.9733,1,713,C12H5F11O4S
454.005,1,427,C11H5F15O2
454.005,1,227,C11H5F15O2
454.005,1,370,C11H5F15O2
454.0097,1,408,C13H9F11O3S
454.0214,1,780,C12H6F16
454.0602,1,166,C15H11F13O
454.0778,1,159,C13H13F15
454.9229,1,883,C10H4F10IN
455.0225,1,606,C10H10F13NO2S
455.9997,1,991,C12H14F9I
455.9997,1,424,C12H14F9I
456.0007,1,334,C11H4F16O
456.016,1,398,C10H10F13O3P
456.016,1,116,C10H10F13O3P
456.0195,1,409,C14H6F14O
456.0406,1,1000,C11H10F14O3
456.0765,1,453,C12H17F9N2O4S
457.0017,1,964,C9H8F13NO3S
457.003,1,831,C14H8F9NO4S
457.0347,1,785,C13H8F13NO2
457.8175,1,574,C6Br2F12
457.9799,1,990,C10H2F16O2
457.9799,1,883,C10H2F16O2
458.0153,1,129,C12H16F9I
458.0159,1,537,C12H5BF14O2
458.0163,1,810,C11H6F16O
458.1279,1,375,C16H19F13
458.1415,1,283,C14H30F4O8Si2
459.0365,1,284,C10H6F13N5O
459.0881,1,933,C19H14F9NO2
459.8994,1,235,C7H2F13I
459.9486,1,398,C9H7Cl2F13Si
459.9792,1,419,C9H3F15O4
460.012,1,625,C11H5F17
460.012,1,572,C11H5F17
460.0708,1,850,C14H13F13O2
460.0822,1,774,C21H12F8N2O
460.1436,1,486,C16H21F13
460.9518,1,761,C8H12F9NOSSn
460.9979,1,922,C13H8F9NO5S
461.0103,1,874,C15H10F7N3O2S2
461.0155,1,326,C11H10F11NO4S
461.8542,1,860,C6ClF12I
461.8786,1,345,C6F13IO
461.9407,1,854,C8HF15O3S
461.9407,1,589,C8HF15O3S
461.9407,1,374,C8HF15O3S
461.9713,1,793,C10F18
461.9912,1,399,C10H3F17O
461.9912,1,808,C10H3F17O
462.0112,1,619,C10H6F16O2
462.0276,1,277,C11H7F17
462.0339,1,120,C13H7F15N
462.0402,1,172,C15H7F13N2
462.0501,1,254,C13H11F13O3
462.1048,1,925,C14H19F13Si
462.9288,1,831,C12H7BrF9NOS
462.9723,1,347,C8H4F15NO2S
462.9865,1,909,C9H2F17NO
463.0229,1,737,C10H6F17N
463.0311,1,788,C11H12F11NO4S
463.1181,1,829,C14H18F13NO
463.9364,1,154,C8F16O2S
463.9364,1,238,C8F16O2S
463.946,1,378,C9HClF16O
463.9563,1,349,C8H3F15O3S
463.9705,1,923,C9HF17O2
463.9705,1,250,C9HF17O2
463.9869,1,651,C10H2F18
463.9869,1,382,C10H2F18
463.9869,1,952,C10H2F18
463.9976,1,318,C13H9F9O6S
464.0069,1,772,C10H5F17O
464.0152,1,337,C11H11F11O5S
464.0194,1,914,C14H5F13N2O
464.0306,1,493,C17H9F9O5
464.1083,1,779,C19H15F7N4O2
464.9962,1,401,C9H12F9NO6S2
465.0468,1,958,C11H14F11NO4S
465.0511,1,861,C14H8F13N3
465.9662,1,631,C9F18O
465.9662,1,808,C9F18O
465.9662,1,850,C9F18O
465.9662,1,547,C9F18O
466.0026,1,388,C10H4F18
466.0238,1,276,C15H7F13O2
466.0362,1,519,C11H8F14N2O2
466.0362,1,760,C11H8F14N2O2
466.0778,1,679,C14H13F15
466.1379,1,446,C22H21F7O3
466.2094,1,207,C19H29F11
466.2682,1,607,C22H37F7O2
466.9641,1,743,C12H7ClF9NO4S
467.046,1,785,C16H16F7NO3S2
468.0207,1,629,C12H7F15O2
468.0207,1,132,C12H7F15O2
468.0207,1,401,C12H7F15O2
468.0251,1,832,C12H13F13S2
468.0426,1,207,C11H13F13O3Si
468.0934,1,862,C14H15F15
468.9697,1,814,C9F19
468.97,1,121,C11H8F9NO5S2
469.0347,1,793,C14H8F13NO2
469.0523,1,245,C12H10F15NO
469.1699,1,872,C18H26F7NO5
469.8837,1,144,C8F13I
469.9122,1,414,C8Cl2F16
469.9611,1,659,C8F18O2
469.9775,1,232,C9HF19
470.0363,1,758,C12H9F15O2
470.0475,1,870,C11H9F15N2O
471.0174,1,221,C10H10F13NO3S
471.0316,1,824,C11H8F15NO2
471.1106,1,865,C15H16F13N2
471.8994,1,647,C8H2F13I
471.8994,1,475,C8H2F13I
471.9394,1,261,C12H4ClF11O3S
471.9792,1,265,C10H3F15O4
471.9956,1,427,C11H4F16O2
472.0167,1,397,C14H9F13OS
472.2752,1,378,C22H37F9
473.0072,1,116,C11H4F17N
473.0297,1,176,C13H8F13NO3
473.915,1,184,C8H4F13I
473.915,1,552,C8H4F13I
473.915,1,131,C8H4F13I
473.9289,1,841,C12H4BrF13
473.9289,1,103,C12H4BrF13
473.9726,1,339,C10H8ClF13O2S
474.0102,1,221,C12H16F9IO
475.0311,1,780,C12H12F11NO4S
475.0311,1,388,C12H12F11NO4S
475.0817,1,1000,C14H14F13NO2
475.8893,1,663,C8BrF15O
476.0069,1,452,C11H5F17O
476.0069,1,645,C11H5F17O
476.0069,1,164,C11H5F17O
476.0433,1,795,C12H9F17
476.0769,1,174,C13H13F13N2O2
476.988,1,577,C9H6F15NO2S
476.9942,1,473,C11H6F13N2O2S
477.0021,1,868,C10H4F17NO
477.0385,1,561,C11H8F17N
477.9708,1,290,C12H4F14O2S
477.9862,1,524,C10H3F17O2
477.9862,1,249,C10H3F17O2
478.0046,1,679,C10H7F17Si
478.0225,1,447,C11H7F17O
478.0225,1,857,C11H7F17O
478.0362,1,114,C12H8F14N2O2
478.045,1,918,C13H11F13O4
478.111,1,239,C13H19F13N2Si
478.1341,1,628,C16H20F14
478.9814,1,772,C9H2F17NO2
478.9814,1,839,C9H2F17NO2
479.8842,1,221,C7BrF15O2
479.894,1,561,C8H4Cl3F13Si
479.9363,1,700,C8H4ClF14O3P
479.941,1,230,C9HClF16O2
479.941,1,643,C9HClF16O2
479.9574,1,984,C10H2ClF17
479.9841,1,243,C10H5F17S
480.0043,1,506,C12H6F14O4
480.0507,1,290,C15H9F13N2O
480.0519,1,544,C12H10F14N2O2
480.0554,1,196,C17H13F9N2O2S
480.0719,1,970,C12H13F13N2O3
480.9911,1,930,C9H12F9NO7S2
481.046,1,758,C14H8F13N3O
481.7563,1,983,C6H2Br3F9
481.9305,1,885,C7HF15O5S
481.9366,1,440,C9ClF17O
481.9469,1,907,C8H2F16O3S
481.9611,1,289,C9F18O2
481.9811,1,186,C9H3F17O3
482.0017,1,944,C12H11F9N2O4S2
482.0363,1,637,C13H9F15O2
482.0412,1,716,C17H11F9O6
482.1867,1,485,C21H27F9O2
482.9727,1,275,C9F19N
483.9262,1,185,C7F16O4S
483.9426,1,300,C8HF17O2S
483.9625,1,821,C14H5F13S2
484.0093,1,950,C13H5F13N2O3
484.0473,1,109,C12H14F13O3P
484.049,1,459,C11H13F13N2O2S
484.0708,1,850,C16H13F13O2
484.9966,1,633,C10H8F13NO4S
485.033,1,860,C11H12F13NO3S
485.033,1,298,C11H12F13NO3S
485.033,1,558,C11H12F13NO3S
485.9919,1,218,C9H7F13N2O4S
486.0025,1,349,C11H3F17N2
486.0025,1,743,C11H3F17N2
486.0112,1,302,C12H6F16O2
486.0159,1,758,C14H10F12O3S
486.1592,1,641,C18H23F13
487.9307,1,693,C9H6F13I
487.9307,1,521,C9H6F13I
487.9307,1,693,C9H6F13I
487.9445,1,721,C13H6BrF13
487.9681,1,400,C9F20
487.9681,1,817,C9F20
487.9681,1,941,C9F20
487.9681,1,590,C9F20
487.9681,1,282,C9F20
487.9741,1,491,C10H3F15O5
488.0269,1,860,C12H8F16O2
488.1385,1,522,C17H21F13O
488.1749,1,104,C18H25F13
488.988,1,827,C10H6F15NO2S
489.0021,1,221,C11H4F17NO
489.0068,1,650,C13H8F13NO2S
489.0246,1,417,C13H8F13NO4
489.0398,1,573,C17H8F13NO
489.0468,1,451,C13H14F11NO4S
489.0468,1,839,C13H14F11NO4S
489.0829,1,727,C13H18F11NO4Si
489.9099,1,303,C8H4F13IO
489.9698,1,457,C10H2F16O4
489.9862,1,976,C11H3F17O2
489.9862,1,201,C11H3F17O2
490.0225,1,329,C12H7F17O
490.0589,1,633,C13H11F17
490.1541,1,471,C17H23F13O
491.9056,1,810,C8H3F14I
492.0007,1,965,C14H4F16O
492.0018,1,631,C11H5F17O2
492.0018,1,391,C11H5F17O2
492.0018,1,618,C11H5F17O2
492.0202,1,201,C11H9F17Si
492.0382,1,256,C12H9F17O
493.0334,1,413,C11H8F17NO
493.9413,1,651,C12H4ClF13O2S
493.9764,1,555,C9H6F15O4P
493.9811,1,873,C10H3F17O3
494.0175,1,142,C11H7F17O2
494.0664,1,465,C16H11F13N2O
494.0675,1,671,C13H12F14N2O2
494.9763,1,661,C9H2F17NO3
494.9924,1,531,C12H4F11N3O6
495.0299,1,651,C16H10F9N3O3S
495.0728,1,628,C18H14F9NO5
495.8805,1,938,C7F15I
495.8805,1,753,C7F15I
495.8805,1,181,C7F15I
495.9381,1,937,C9H4ClF15O2S
495.9523,1,304,C10H2ClF17O
495.9592,1,530,C12F16O3
495.9603,1,393,C9HF17O4
495.9809,1,910,C12H9F9N2O5S2
495.9931,1,720,C11H3F19
496.012,1,665,C14H5F17
496.052,1,679,C14H11F15O2
496.098,1,329,C14H19F13NOS
497.0234,1,449,C13H8F15O3
497.8912,1,784,C8BrF17
497.956,1,874,C9F18O3
497.956,1,477,C9F18O3
498.0135,1,270,C13H9F15OS
498.0864,1,876,C17H15F13O2
498.9297,1,391,C8F17O3S
498.9535,1,424,C8H2F17NO2S
498.9535,1,452,C8H2F17NO2S
499.004,1,416,C10H4F19N
499.0123,1,840,C11H10F13NO4S
499.0123,1,316,C11H10F13NO4S
499.0725,1,624,C12H16F13N2O2S
499.9375,1,632,C8HF17O3S
499.9375,1,860,C8HF17O3S
499.9375,1,369,C8HF17O3S
499.947,1,143,C8H2F17O3P
499.9681,1,340,C10F20
499.9681,1,900,C10F20
499.9681,1,282,C10F20
499.9881,1,652,C10H3F19O
499.9881,1,874,C10H3F19O
500.0206,1,359,C14H6F14N2O2
500.0206,1,770,C14H6F14N2O2
500.0269,1,308,C13H8F16O2
500.0439,1,918,C11H13F13N2O3S
500.0439,1,942,C11H13F13N2O3S
500.107,1,415,C17H15F11N4O
500.3065,1,145,C24H41F9
500.9869,1,111,C9H11F11NO6PS
501.0421,1,211,C12H10F15NO3
501.0574,1,475,C16H10F15N
501.0656,1,254,C17H16F9NO4S
501.8237,1,900,C8HBr2F13
501.9091,1,392,C12H5Cl2F9O5S
501.9099,1,244,C9H4F13IO
501.9332,1,721,C8F18O2S
501.9427,1,269,C8HF18O2P
501.9463,1,685,C10H8F13I
501.9463,1,302,C10H8F13I
501.9509,1,439,C8F18O4
501.9602,1,297,C14H8BrF13
501.9684,1,103,C12H3F17S
501.9684,1,607,C12H3F17S
502.0589,1,380,C14H11F17
503.0004,1,624,C12H15F9INO2
503.0178,1,285,C12H6F17NO
503.029,1,721,C11H6F17N3
503.0624,1,719,C14H16F11NO4S
503.8394,1,327,C8H3Br2F13
503.9256,1,953,C9H6F13IO
503.963,1,999,C9F20O
504.0018,1,458,C12H5F17O2
504.0018,1,486,C12H5F17O2
504.0018,1,961,C12H5F17O2
504.0065,1,214,C14H9F13O3S
504.0746,1,253,C14H13F17
504.9793,1,792,C11H4F17NS
505.0334,1,667,C12H8F17NO
505.9811,1,762,C11H3F17O3
505.9999,1,771,C14H5F15O3
506.0175,1,922,C12H7F17O2
506.0175,1,113,C12H7F17O2
506.0175,1,970,C12H7F17O2
506.0175,1,832,C12H7F17O2
506.0538,1,805,C13H11F17O
506.0675,1,634,C14H12F14N2O2
506.0875,1,322,C14H15F13N2O3
506.9458,1,401,C8H3F14NO6S
506.9985,1,382,C10H8F15NO3S
507.0127,1,368,C11H6F17NO2
507.0491,1,622,C12H10F17NO
507.8143,1,277,C7Br2F14
507.8805,1,461,C8F15I
507.9767,1,206,C11H2F18O2
507.9967,1,642,C11H5F17O3
508.0331,1,480,C12H9F17O2
508.0674,1,278,C22H16F7O4P
508.0832,1,117,C14H14F14N2O2
508.1247,1,984,C17H19F15
509.0773,1,234,C16H12F13N3O
509.1081,1,757,C24H19F9P
509.8962,1,559,C8H2F15I
509.8962,1,465,C8H2F15I
509.956,1,377,C10F18O3
509.9679,1,313,C11H4ClF17O
509.976,1,114,C10H3F17O4
509.9784,1,153,C17H8Cl2F8N2O3
510.0276,1,707,C15H7F17
510.0676,1,498,C15H13F15O2
510.0896,1,645,C14H19F13O3Si
511.0123,1,217,C12H10F13NO4S
511.0229,1,708,C14H6F17N
511.0229,1,445,C14H6F17N
511.8754,1,217,C7F15IO
511.9211,1,299,C8F16O5S
511.9681,1,741,C11F20
511.9681,1,965,C11F20
511.9834,1,105,C10H6F17O2P
512.0469,1,893,C14H11F15O3
512.0803,1,693,C13H17F13N2O2S
512.0945,1,248,C14H15F15N2O
512.2889,1,556,C27H39F7O
512.9658,1,997,C12F17NO2
512.9691,1,191,C9H4F17NO2S
512.9691,1,861,C9H4F17NO2S
512.9833,1,871,C10H2F19NO
513.0279,1,221,C12H12F13NO4S
513.0785,1,510,C14H14F15NO2
513.1023,1,992,C14H16F15N2O
513.135,1,511,C23H20F9NO2
513.9662,1,560,C13F18O
513.9673,1,922,C10HF19O2
513.9673,1,726,C10HF19O2
513.9837,1,604,C11H2F20
513.9837,1,174,C11H2F20
514.0037,1,149,C11H5F19O
514.0037,1,266,C11H5F19O
514.0779,1,750,C16H24F9I
514.1905,1,137,C20H27F13
515.0436,1,549,C12H14F13NO4S
515.9324,1,472,C8HF17O4S
515.963,1,979,C10F20O
515.9901,1,899,C14H8F12O5S
515.9994,1,425,C11H4F20
516.0746,1,318,C15H13F17
516.2062,1,486,C20H29F13
517.0193,1,301,C12H10F15NO2S
517.9036,1,476,C8ClF17O2S
517.9412,1,783,C10H8F13IO
518.0175,1,128,C13H7F17O2
518.0175,1,921,C13H7F17O2
518.0902,1,474,C15H15F17
518.9668,1,144,C12H8F11NO5S2
519.0152,1,981,C14H7F14NO4
519.0316,1,975,C15H8F15NO2
519.0316,1,329,C15H8F15NO2
519.0491,1,197,C13H10F17NO
519.0491,1,210,C13H10F17NO
519.0491,1,222,C13H10F17NO
519.9743,1,514,C10HF21
520.0156,1,248,C15H7F15O3
520.0156,1,800,C15H7F15O3
520.0331,1,101,C13H9F17O2
520.0331,1,291,C13H9F17O2
520.0331,1,259,C13H9F17O2
520.0331,1,619,C13H9F17O2
520.0695,1,488,C14H13F17O
520.9695,1,574,C9F21N
520.9695,1,973,C9F21N
521.0142,1,107,C11H10F15NO3S
521.915,1,195,C12H4F13I
521.9946,1,607,C12H7F17OS
522.0066,1,113,C14H9F14O3P
522.0276,1,181,C16H7F17
522.0652,1,626,C14H12F18
522.0995,1,515,C17H20ClF13O
523.0817,1,424,C18H14F13NO2
523.9068,1,562,C10H2BrF17
523.9118,1,167,C9H4F15I
523.9118,1,217,C9H4F15I
523.9307,1,591,C12H6F13I
523.9307,1,756,C12H6F13I
523.987,1,334,C10H8F15O5P
523.9916,1,167,C11H5F17O4
524.0844,1,885,C16H29AgF7O2P
524.1052,1,249,C15H21F13O3Si
525.0279,1,443,C13H12F13NO4S
525.0279,1,666,C13H12F13NO4S
525.0279,1,431,C13H12F13NO4S
525.8861,1,971,C9BrF17O
525.9225,1,206,C10H4BrF17
526.0037,1,301,C12H5F19O
526.0225,1,318,C15H7F17O
526.0225,1,407,C15H7F17O
526.0464,1,567,C15H9F17N
526.2682,1,717,C27H37F7O2
526.9848,1,257,C10H6F17NO2S
527.1038,1,246,C14H20F13N2O2S
527.8714,1,156,C10H2F13IS
527.8714,1,557,C10H2F13IS
527.9688,1,502,C10H5F17O3S
527.9783,1,220,C10H6F17O3P
527.983,1,501,C11H3F19O2
527.983,1,618,C11H3F19O2
528.0391,1,372,C14H11F11N2O7
528.06,1,942,C16H14BF13O2S
528.0752,1,626,C13H17F13N2O3S
528.0752,1,446,C13H17F13N2O3S
528.2838,1,399,C27H39F7O2
528.2838,1,528,C27H39F7O2
529.9622,1,462,C10HF19O3
529.9776,1,790,C12H12F13I
529.9776,1,854,C12H12F13I
530.0363,1,817,C17H9F15O2
530.0664,1,328,C19H11F13N2O
530.0902,1,958,C16H15F17
530.9566,1,969,C18H9F7INO2
531.9029,1,688,C8HClF16O4S
531.9334,1,787,C10ClF19O
531.9437,1,780,C9H2F18O3S
531.9569,1,302,C11H10F13IO
531.9943,1,212,C11H4F20O
532.0126,1,112,C14H9F13N2O3S
532.0331,1,772,C14H9F17O2
532.0331,1,542,C14H9F17O2
533.0647,1,580,C14H12F17NO
533.9674,1,555,C11H13Cl2F13OSi2
533.976,1,888,C12H3F17O4
534.0458,1,921,C12H13F15N2O2S
534.0488,1,715,C14H11F17O2
534.0488,1,301,C14H11F17O2
534.0977,1,369,C19H15F13N2O
534.9935,1,425,C11H8F15NO4S
535.0076,1,313,C12H6F17NO3
535.0076,1,398,C12H6F17NO3
535.0076,1,872,C12H6F17NO3
535.0298,1,757,C12H12F15NO3S
535.9916,1,338,C12H5F17O4
535.9916,1,276,C12H5F17O4
536.008,1,891,C13H6F18O2
536.0644,1,494,C14H13F17O2
536.0882,1,774,C14H15F17NO
537.9275,1,606,C10H6F15I
537.9275,1,334,C10H6F15I
537.9649,1,824,C10F22
537.9649,1,355,C10F22
537.9649,1,634,C10F22
537.9649,1,730,C10F22
537.9895,1,586,C12H7F17O2S
538.0073,1,144,C12H7F17O4
538.0073,1,724,C12H7F17O4
538.0073,1,698,C12H7F17O4
538.0259,1,338,C13H11F17OS
538.1717,1,716,C19H25F15
538.9848,1,712,C11H6F17NO2S
539.0025,1,881,C11H6F17NO4
539.0036,1,307,C14H8F15NO2S
539.0178,1,532,C15H6F17NO
539.0436,1,903,C14H14F13NO4S
539.0436,1,662,C14H14F13NO4S
539.0436,1,337,C14H14F13NO4S
539.0542,1,539,C16H10F17N
539.9067,1,884,C9H4F15IO
539.983,1,539,C12H3F19O2
539.9969,1,141,C12H10ClF17Si
540.0018,1,850,C15H5F17O2
540.1318,1,702,C23H23F7N2O3S
540.1931,1,518,C25H31F7O3Si
541.9024,1,316,C9H3F16I
541.9786,1,714,C12H2F20O
542.026,1,175,C14H7F13N4O4
542.0287,1,997,C14H7F17N2O
542.2218,1,168,C22H31F13
543.0303,1,955,C12H8F19NO
543.1232,1,576,C22H18F13N
543.9381,1,184,C13H4ClF15O2S
543.9637,1,744,C10H5F17O4S
543.9732,1,382,C10H6F17O4P
544.0143,1,613,C12H7F19O2
544.2375,1,617,C22H33F13
544.9521,1,207,C11H9F13INO
545.0647,1,422,C15H12F17NO
545.8773,1,445,C8F17I
545.8773,1,702,C8F17I
545.9088,1,665,C8H2F16O5S2
545.9349,1,392,C10H4ClF17O2S
545.9361,1,334,C11H8F13IO2
545.9735,1,330,C11H2F20O2
545.9899,1,424,C12H3F21
546.046,1,423,C15H11F13N2O5
546.0488,1,793,C15H11F17O2
546.1215,1,960,C17H19F17
546.9722,1,665,C12H15F9INO3Si
546.9793,1,385,C11H10F13NO5S2
547.044,1,285,C14H10F17NO2
547.888,1,542,C9BrF19
547.9692,1,601,C11HF21O
547.9728,1,329,C10H3F19O4
547.9797,1,345,C12H10F14O4S2
547.9916,1,830,C13H5F17O4
548.0056,1,895,C12H5F21
548.028,1,771,C14H9F17O3
548.0756,1,312,C14H13F17N2O
548.1146,1,351,C25H17F9N2O2
548.1146,1,295,C25H17F9N2O2
548.1146,1,151,C25H17F9N2O2
549.0455,1,274,C13H14F15NO3S
549.0693,1,595,C13H16F15N2O2S
549.0781,1,817,C14H16F17NSi
549.9343,1,341,C9HF19O3S
549.9343,1,574,C9HF19O3S
549.9649,1,795,C11F22
549.9785,1,444,C12HF19N2O
549.9849,1,156,C11H3F21O
550.0073,1,478,C13H7F17O4
550.0407,1,101,C12H13F15N2O3S
550.0407,1,900,C12H13F15N2O3S
550.0965,1,429,C16H16F18
550.9837,1,497,C10H11F13NO6PS
551.0389,1,187,C13H10F17NO3
551.0389,1,629,C13H10F17NO3
551.0753,1,822,C14H14F17NO2
551.93,1,537,C9F20O2S
552.0142,1,131,C12H6F18N2O2
552.0229,1,905,C13H9F17O4
552.0229,1,431,C13H9F17O4
552.0229,1,842,C13H9F17O4
552.0274,1,549,C14H13F13O6Si
552.0697,1,479,C17H22BrF13
553.0334,1,131,C16H8F17NO
553.0592,1,759,C15H16F13NO4S
553.0698,1,532,C17H12F17N
553.7898,1,429,C6F12I2
553.9224,1,209,C10H6F15IO
553.9224,1,711,C10H6F15IO
553.9538,1,154,C12H8BrF17
553.9669,1,466,C14H5F15O4S
553.9986,1,907,C13H5F19O2
554.0033,1,485,C15H9F15O3S
554.0175,1,443,C16H7F17O2
554.0175,1,110,C16H7F17O2
554.0175,1,471,C16H7F17O2
554.0186,1,632,C13H8F18O3
554.0287,1,407,C15H7F17N2O
554.0538,1,909,C17H11F17O
554.2842,1,266,C25H41F7O5
555.0161,1,153,C12H10F17NO2S
555.2067,1,996,C22H32F7NO7
556.0096,1,208,C12H10F17O3P
556.0701,1,486,C14H17F13N2O4S
556.0701,1,659,C14H17F13N2O4S
556.0843,1,644,C15H15F15N2O3
556.959,1,189,C10H4F17NO4S
556.9953,1,218,C11H8F17NO3S
556.9953,1,178,C11H8F17NO3S
557.0084,1,234,C15H5F18NO
557.0084,1,797,C15H5F18NO
557.0084,1,288,C15H5F18NO
557.0284,1,558,C15H8F17NO2
557.9735,1,218,C12H2F20O2
558.0089,1,407,C14H16F13I
558.0099,1,852,C13H6F20O
558.0225,1,558,C17H6F16N2O
558.0425,1,248,C17H9F15N2O2
558.0534,1,539,C18H15F13O3S
558.1,1,452,C15H17F15N2O3
558.1215,1,901,C18H19F17
558.2531,1,297,C23H35F13
559.893,1,765,C9H2F17I
559.9423,1,539,C11H7Cl2F17Si
560.1372,1,229,C18H21F17
561.0091,1,736,C13H10F15NO4S
561.8478,1,771,C8ClF16I
561.873,1,681,C14H4BrF13S2
561.9521,1,776,C10HF19O5
561.9849,1,121,C12H3F21O
562.0073,1,959,C14H7F17O4
562.0212,1,100,C13H7F21
562.041,1,803,C15H11F13N2O6
562.0437,1,305,C15H11F17O3
562.0985,1,919,C16H19F17Si
563.0248,1,944,C13H12F15NO4S
563.0248,1,973,C13H12F15NO4S
563.0389,1,796,C14H10F17NO3
563.9641,1,445,C11HF21O2
563.9641,1,159,C11HF21O2
563.9805,1,129,C12H2F22
564.0005,1,558,C12H5F21O
564.0393,1,221,C15H10F18O2
564.0851,1,284,C25H17ClF8N2O2
564.0851,1,319,C25H17ClF8N2O2
565.0182,1,128,C13H8F17NO4
565.0404,1,204,C13H14F15NO4S
565.0546,1,791,C14H12F17NO3
565.9588,1,156,C12H10F15I
565.9598,1,209,C11F22O
565.9598,1,649,C11F22O
565.9962,1,401,C12H4F22
566.0175,1,886,C17H7F17O2
566.0208,1,947,C14H11F17O2S
566.0988,1,679,C15H17F17NO2
566.1052,1,301,C25H16F10N2O2
566.1052,1,911,C25H16F10N2O2
566.1138,1,954,C18H20F14O4
566.1239,1,345,C20H19F13N2O2
567.0161,1,496,C13H10F17NO2S
567.9967,1,356,C16H5F17O3
567.9967,1,906,C16H5F17O3
567.9979,1,486,C13H6F18O4
568.008,1,692,C15H5F17N2O2
568.0113,1,793,C12H9F17N2O2S
568.0143,1,231,C14H7F19O2
568.0143,1,909,C14H7F19O2
568.0363,1,233,C13H13F17O3Si
568.0955,1,848,C15H25F13O2Si3
568.8624,1,543,C11H4BrF12NO3S2
568.8624,1,708,C11H4BrF12NO3S2
568.9636,1,730,C13H8F13NO5S2
568.9953,1,669,C12H8F17NO3S
569.0284,1,786,C16H8F17NO2
569.0542,1,392,C15H16F13NO5S
569.0903,1,562,C15H20F13NO5Si
569.9547,1,726,C10F22O2
569.9547,1,646,C10F22O2
570.0077,1,744,C15H10F15O4P
570.0488,1,211,C17H11F17O2
570.0573,1,590,C16H11F13N4O4
570.0663,1,752,C15H13F19O
570.0858,1,110,C15H19F13N2O4S
570.1,1,875,C16H17F15N2O3
570.9746,1,601,C11H6F17NO4S
571.0076,1,962,C15H6F17NO3
571.011,1,169,C12H10F17NO3S
571.9916,1,366,C15H5F17O4
572.0029,1,925,C14H5F17N2O3
572.0103,1,962,C16H9F17OS
572.0803,1,498,C18H17F13N2O2S
572.2688,1,484,C24H37F13
572.9981,1,260,C13H4F17N3O3
573.0008,1,803,C13H4F21N
573.9086,1,779,C10H4F17I
573.9225,1,822,C14H4BrF17
573.9225,1,612,C14H4BrF17
573.9649,1,171,C13F22
573.9838,1,149,C11H8F17O5P
574.0048,1,462,C13H6F20O2
574.1528,1,105,C19H23F17
575.0106,1,319,C13H14F13NO5S2
575.0248,1,460,C14H12F15NO4S
575.0248,1,976,C14H12F15NO4S
575.0436,1,943,C17H14F13NO4S
575.1117,1,652,C17H18F17NO
575.9677,1,158,C11H3F19O5
576.0005,1,607,C13H5F21O
576.0369,1,385,C14H9F21
576.0519,1,233,C20H10F14N2O2
577.8836,1,745,C9HF18I
577.9798,1,898,C12H3F21O2
577.9798,1,978,C12H3F21O2
578.0386,1,209,C15H11F17O4
578.1046,1,413,C15H19F17N2Si
578.1226,1,448,C16H19F17N2O
578.1278,1,709,C18H20F18
579.0561,1,781,C14H16F15NO4S
579.8876,1,994,C10H4Cl3F17Si
579.9107,1,339,C9H2F18O4S2
579.9426,1,531,C10F20O5
579.9777,1,294,C12H5F21S
580.0542,1,652,C15H13F17O4
580.0555,1,232,C25H17Cl2F7N2O2
580.0726,1,136,C15H17F17O2Si
580.1209,1,637,C26H18F10N2O2
580.906,1,964,C8HF18NO4S2
581.1775,1,757,C20H26F15NO
581.7499,1,201,C8H2Br3F13
581.89,1,554,C8F18O5S2
581.89,1,709,C8F18O5S2
581.9405,1,133,C10H2F20O3S
581.9676,1,810,C16H10BrF15O
582.0124,1,906,C17H7F17O3
582.0299,1,856,C15H9F19O2
582.0488,1,695,C18H11F17O2
582.0519,1,281,C14H15F17O3Si
582.0757,1,318,C25H16ClF9N2O2
582.0757,1,756,C25H16ClF9N2O2
583.1511,1,373,C29H25F7NO2P
584.0029,1,381,C15H5F17N2O3
584.028,1,726,C17H9F17O3
584.0409,1,741,C14H14F17O3P
584.0426,1,794,C13H13F17N2O2S
584.0456,1,565,C15H11F19O2
584.0644,1,668,C18H13F17O2
584.0656,1,960,C15H14F18O3
584.1014,1,867,C16H21F13N2O4S
584.1014,1,218,C16H21F13N2O4S
584.1133,1,464,C23H17F13N2O
584.9757,1,929,C12F21N3
584.9757,1,164,C12F21N3
584.9903,1,242,C12H8F17NO4S
585.0266,1,749,C13H12F17NO3S
585.0266,1,894,C13H12F17NO3S
585.0505,1,438,C13H14F17N2O2S
585.0772,1,216,C15H14F19NO
585.9649,1,408,C14F22
585.9961,1,328,C13H3F21N2
585.9961,1,180,C13H3F21N2
586.0048,1,632,C14H6F20O2
586.0073,1,493,C16H7F17O4
586.0402,1,465,C16H20F13I
586.085,1,526,C15H15F19NO
586.1528,1,850,C20H23F17
586.2844,1,560,C25H39F13
586.9989,1,788,C16H4F19NO
587.0059,1,586,C12H10F17NO4S
587.0059,1,826,C12H10F17NO4S
587.047,1,573,C15H18F13NO4S2
587.9243,1,585,C11H6F17I
587.9243,1,891,C11H6F17I
587.9617,1,107,C11F24
588.0409,1,226,C14H22ClF13O2Si3
588.1321,1,834,C19H21F17O
588.1685,1,584,C20H25F17
589.0004,1,988,C15H8F17NO2S
589.007,1,539,C12H4F21N3
589.0182,1,375,C15H8F17NO4
589.0404,1,317,C15H14F15NO4S
589.0404,1,239,C15H14F15NO4S
589.801,1,733,C8Br2F16O2
590.0525,1,547,C15H11F21
590.0675,1,928,C21H12F14N2O2
590.1477,1,603,C19H23F17O
590.9797,1,416,C14H6F17NO3S
590.996,1,431,C19H6F9N3O9
591.0338,1,407,C15H10F17NO4
591.0796,1,323,C25H17ClF7N3O4
591.8992,1,170,C10H3F18I
591.9485,1,252,C12H8Cl2F18Si
591.9637,1,675,C14H5F17O4S
592.0371,1,500,C13H17F13N2O5S2
593.0308,1,763,C20H9F14NO4
593.0997,1,664,C25H16F9N3O4
593.97,1,172,C11H6F19O4P
593.9901,1,663,C14H14F15I
594.2343,1,175,C23H33F15
595.0664,1,743,C20H14F13NO5
595.8727,1,119,C9BrF19O3
595.8741,1,831,C9F19I
595.8741,1,148,C9F19I
595.9317,1,896,C11H4ClF19O2S
595.9459,1,952,C12H2ClF21O
595.9867,1,722,C13H3F23
596.0913,1,753,C26H18ClF9N2O2
596.0913,1,891,C26H18ClF9N2O2
596.1093,1,785,C16H19F17NO3
596.1183,1,968,C18H19F19
596.9903,1,517,C13H8F17NO4S
597.0266,1,689,C14H12F17NO3S
597.8848,1,668,C10BrF21
597.9496,1,999,C11F22O3
597.9496,1,394,C11F22O3
598.0071,1,181,C15H9F19OS
598.0248,1,506,C15H9F19O3
598.1076,1,935,C16H26F12O6Si2
598.1171,1,882,C17H23F13N2O4S
599.0013,1,134,C12H13F15NO5PS
599.0059,1,637,C13H10F17NO4S
599.0059,1,926,C13H10F17NO4S
599.0297,1,962,C13H12F17N2O3S
599.0423,1,748,C14H14F17NO3S
599.0661,1,325,C14H16F17N2O2S
599.0661,1,823,C14H16F17N2O2S
599.9311,1,406,C10HF21O3S
599.9406,1,814,C10H2F21O3P
599.9617,1,490,C12F24
599.9817,1,921,C12H3F23O
600.0205,1,940,C15H8F20O2
600.0375,1,763,C13H13F17N2O3S
600.0559,1,177,C17H22F13I
600.3001,1,621,C26H41F13
600.9805,1,740,C11H11F15NO6PS
601.9268,1,990,C10F22O2S
601.9399,1,490,C12H8F17I
601.9399,1,504,C12H8F17I
601.9445,1,612,C10F22O4
601.9538,1,355,C16H8BrF17
601.9538,1,151,C16H8BrF17
602.0864,1,801,C25H14F12N2O2
602.1841,1,361,C21H27F17
602.9797,1,480,C15H6F17NO3S
603.0561,1,326,C16H16F15NO4S
603.0561,1,907,C16H16F15NO4S
603.833,1,342,C10H3Br2F17
603.9192,1,325,C11H6F17IO
603.9637,1,976,C15H5F17O4S
603.9637,1,667,C15H5F17O4S
603.9691,1,347,C15F20N2O
603.9954,1,627,C14H5F21O2
604.0682,1,344,C16H13F21
606.0528,1,283,C14H19F13N2O5S2
606.0811,1,790,C16H15F17N2O3
606.1099,1,210,C17H21F15O6
607.0052,1,194,C16H5F20NO
607.1015,1,886,C17H18F17NO3
607.1154,1,579,C26H18F9N3O4
607.1312,1,385,C16H22F17N3Si
607.8741,1,534,C10F19I
608.0057,1,290,C15H16F15I
608.0075,1,579,C12H6BF21O3
609.0702,1,798,C25H16ClF8N3O4
609.1017,1,753,C26H19F13P
609.8524,1,126,C10H8F12I2
609.9496,1,835,C12F22O3
610.0448,1,624,C16H12F18O4
610.0832,1,852,C16H19F17O3Si
611.0059,1,470,C14H10F17NO4S
611.869,1,802,C9F19IO
611.977,1,289,C12H6F21O2P
611.9866,1,807,C17H5F17O5
611.9866,1,846,C17H5F17O5
612.0405,1,469,C16H11F19O3
612.0722,1,278,C16H18F17O3P
613.0216,1,451,C14H12F17NO4S
613.9609,1,162,C12HF23O2
613.9973,1,639,C13H5F23O
613.9973,1,589,C13H5F23O
614.0715,1,454,C18H24F13I
614.1841,1,617,C22H27F17
615.0051,1,878,C16H4F19N3O
615.0372,1,791,C14H14F17NO4S
615.0372,1,603,C14H14F17NO4S
615.0491,1,720,C21H10F17NO
615.0514,1,466,C15H12F19NO3
616.1277,1,447,C17H25F13N2O5S
616.1998,1,539,C22H29F17
617.1079,1,557,C17H22F15NO4Si
617.9394,1,735,C10F22O5
617.9558,1,474,C11HF23O3
617.9889,1,596,C16H8F17O4P
618.0111,1,350,C15H7F21O2
618.0111,1,192,C15H7F21O2
618.0157,1,955,C17H11F17O3S
618.0838,1,122,C17H15F21
618.9604,1,736,C14H8F15NO5S2
619.9679,1,383,C12HF25
620.0456,1,493,C18H11F19O2
620.9572,1,384,C11H8F17NO5S2
621.1046,1,632,C17H18F17N2O3
621.9298,1,778,C15H4ClF17O3S
622.0477,1,939,C14H19F13N2O6S2
622.0549,1,603,C19H11F17N2O2
622.0588,1,407,C16H12F22
622.2642,1,152,C30H37F7N2O4
623.0389,1,629,C19H10F17NO3
623.0423,1,797,C16H14F17NO3S
623.9054,1,664,C11H4F19I
623.9054,1,251,C11H4F19I
623.9243,1,526,C14H6F17I
623.9617,1,476,C14F24
623.9806,1,170,C12H8F19O5P
623.9806,1,508,C12H8F19O5P
624.0375,1,233,C15H13F17N2O3S
625.0216,1,349,C15H12F17NO4S
625.0216,1,111,C15H12F17NO4S
625.0216,1,944,C15H12F17NO4S
625.0579,1,450,C16H16F17NO3S
625.9161,1,299,C12H4BrF21
625.9162,1,413,C10H4F18O6S2
625.9973,1,313,C14H5F23O
626.0765,1,124,C16H20F18OSi2
627.0974,1,415,C16H20F17N2O2S
627.0974,1,165,C16H20F17N2O2S
627.9624,1,488,C12H5F21O3S
627.9719,1,823,C12H6F21O3P
627.9766,1,443,C13H3F23O2
628.0325,1,395,C14H13F17N2O4S
628.1194,1,895,C17H19F19N2O
628.2586,1,561,C26H37F13O2
629.0529,1,665,C15H16F17NO4S
629.0529,1,388,C15H16F17NO4S
629.9712,1,595,C14H12F17I
630.0454,1,224,C18H19F9O12S
630.2154,1,833,C23H31F17
631.1289,1,725,C18H22F15N2O5
631.1743,1,961,C21H26F17NO
631.9515,1,928,C12F24O2
632.0062,1,222,C16H9F17N2O3S
632.0267,1,209,C16H9F21O2
632.0995,1,114,C18H17F21
633.068,1,296,C15H16F19N2OS
633.1692,1,869,C20H28F13N3O3Si
633.8921,1,628,C10ClF21O3S
633.9072,1,714,C15H4BrF17O3
637.9585,1,778,C12F26
637.9585,1,107,C12F26
638.0477,1,279,C18H20BrF17
638.0498,1,596,C19H11F17N2O3
638.1325,1,169,C19H23F17O4
638.1653,1,438,C21H25F19
638.2241,1,561,C24H33F15O2
639.0372,1,439,C16H14F17NO4S
639.0372,1,593,C16H14F17NO4S
639.0372,1,265,C16H14F17NO4S
639.0372,1,616,C16H14F17NO4S
639.0372,1,276,C16H14F17NO4S
639.0592,1,329,C15H20F15NO5SSi
639.9003,1,695,C11H4F19IO
639.9602,1,282,C13H2F22O4
640.039,1,449,C16H13F17O7
641.9605,1,539,C15H5F19O4S
641.9922,1,721,C14H5F23O2
642.0481,1,393,C15H15F17N2O4S
642.0733,1,825,C17H19F17O4S
642.1143,1,116,C17H31F13O3Si4
642.2154,1,175,C24H31F17
643.9505,1,442,C14H10F17IO
643.9573,1,902,C12H5F21O4S
643.9668,1,192,C12H6F21O4P
643.9668,1,863,C12H6F21O4P
644.2311,1,347,C24H33F17
644.9457,1,673,C13H9F17INO
645.8709,1,399,C10F21I
645.9285,1,190,C12H4ClF21O2S
645.9496,1,853,C15F22O3
645.9836,1,114,C14H3F25
645.9836,1,777,C14H3F25
646.1062,1,857,C17H19F19NO3
646.1151,1,382,C19H19F21
646.16,1,556,C23H27F13O6
646.9658,1,623,C14H15F13INO3Si
647.2594,1,135,C31H36F7N3O4
647.9664,1,457,C12H3F23O4
647.9992,1,607,C14H5F25
648.9885,1,205,C13H12F17NO5S2
648.9981,1,362,C13H13F17NO5PS
649.9585,1,238,C13F26
650.079,1,891,C16H23F13N2O6S2
650.0901,1,704,C18H16F22
650.1302,1,563,C26H21F15O2
650.1437,1,744,C19H23F17N2O3
650.1935,1,149,C23H34F12O5S
650.2955,1,151,C32H41F7N2O4
650.9106,1,220,C12H11Cl3F15NO2SSi
650.9773,1,744,C12H11F17NO6PS
652.0633,1,243,C19H22BrF17
652.1302,1,875,C19H25F17O3Si
652.1302,1,590,C19H25F17O3Si
653.0529,1,416,C17H16F17NO4S
653.0529,1,473,C17H16F17NO4S
653.0529,1,880,C17H16F17NO4S
653.7834,1,430,C8F16I2
653.916,1,859,C12H6F19IO
653.9605,1,485,C16H5F19O4S
653.9605,1,399,C16H5F19O4S
654.9416,1,486,C14H6F17NO5S2
655.0639,1,371,C16H21F15NO5PS
656.0032,1,314,C14H10F21O3P
656.0638,1,633,C16H17F17N2O4S
656.0779,1,106,C17H15F19N2O3
657.0444,1,465,C19H12F17NO5
657.9344,1,773,C12F22O6
658.0025,1,898,C16H16F17I
658.0304,1,776,C17H16F18O2S2
658.2467,1,778,C25H35F17
659.0601,1,189,C19H14F17NO5
659.9439,1,243,C12H6ClF21O3Si
660.1308,1,962,C20H21F21
660.9617,1,851,C12H2F23NO4
661.9457,1,150,C12HF23O5
661.9585,1,440,C14F26
661.9585,1,508,C14F26
661.9585,1,918,C14F26
661.9585,1,366,C14F26
661.9585,1,181,C14F26
661.9585,1,621,C14F26
661.9585,1,198,C14F26
661.9585,1,298,C14F26
661.9585,1,665,C14F26
661.9585,1,468,C14F26
661.9585,1,346,C14F26
662.0921,1,629,C18H19F21Si
663.9413,1,468,C12F24O4
663.9577,1,223,C13HF25O2
663.9577,1,136,C13HF25O2
663.959,1,789,C18HF21O3
663.9741,1,532,C14H2F26
663.9741,1,914,C14H2F26
663.9865,1,805,C19H11Cl2F17O2
663.9865,1,188,C19H11Cl2F17O2
663.9941,1,316,C14H5F25O
664.0683,1,591,C19H24F15I
664.993,1,670,C13H13F17NO6PS
665.9534,1,455,C13F26O
665.9898,1,956,C14H4F26
665.9898,1,494,C14H4F26
666.0845,1,808,C18H19F17N2O3S
667.0817,1,130,C16H24F13N2O7S2
667.1253,1,943,C22H20F17N2O2
667.9545,1,840,C25H17Br2F7N2O2
668.0079,1,345,C16H7F23O2
668.0299,1,934,C15H13F21O3Si
668.256,1,477,C26H34F14N4
668.9572,1,503,C15H8F17NO5S2
669.141,1,324,C22H22F17N2O2
669.9647,1,648,C13HF27
670.0794,1,872,C17H19F17N2O4S
670.0936,1,966,C18H17F19N2O3
670.2467,1,851,C26H35F17
670.96,1,122,C12F27N
671.027,1,353,C16H14F17NO6S
671.9266,1,218,C16H4ClF19O3S
672.261,1,761,C31H37F9N2O4
672.2624,1,933,C26H37F17
673.8648,1,527,C12H10F14I2
673.9022,1,586,C12H4F21I
673.9774,1,141,C13H8F21O5P
674.1464,1,140,C21H23F21
674.8526,1,264,C18H6Cl4F9NO6S
675.0008,1,698,C18H10F17NO5S
675.9067,1,437,C12H2F18N2O6S2
675.9613,1,731,C13H3F23O5
675.9941,1,719,C15H5F25O
676.0305,1,452,C16H9F25
676.0754,1,728,C20H17F17O6
677.9734,1,916,C14H3F25O2
678.0811,1,463,C22H15F17N2O3
678.1162,1,417,C18H19F21N2O
678.1214,1,181,C20H20F22
678.1304,1,476,C20H24F17N2O2P
679.8813,1,319,C12H4Cl3F21Si
680.2122,1,767,C24H31F19
681.7435,1,110,C10H2Br3F17
681.9341,1,585,C12H2F24O3S
682.0233,1,717,C23H22F7IN2O4S
682.0235,1,734,C17H9F23O2
682.0455,1,894,C16H15F21O3Si
682.3017,1,552,C33H42F8N2O4
682.3017,1,460,C33H42F8N2O4
682.3017,1,132,C33H42F8N2O4
683.0376,1,213,C19H10F21NO2
684.0345,1,428,C16H14F21O3P
684.0728,1,932,C18H15F19N2O4
686.0338,1,532,C18H20F17I
686.0797,1,596,C17H24F18O2Si3
686.278,1,549,C27H39F17
686.9646,1,427,C12BF28
687.8805,1,148,C13H12F14I2
687.9179,1,215,C13H6F21I
687.9179,1,377,C13H6F21I
687.9553,1,258,C13F28
688.1293,1,914,C20H23F19O4
688.1621,1,127,C22H25F21
689.056,1,582,C16H20F17NO5SSi
689.1453,1,951,C24H28F9N3O8S
689.957,1,608,C14H2F24O4
691.8928,1,233,C12H3F22I
692.0054,1,225,C16H6F26
692.0307,1,959,C15H17F17N2O5S2
693.9636,1,938,C13H6F23O4P
694.1106,1,922,C30H21F14OP
695.0601,1,555,C22H14F17NO5
695.8677,1,863,C11F23I
695.8677,1,154,C11F23I
695.9804,1,213,C15H3F27
696.103,1,925,C18H19F21NO3
697.8784,1,189,C12BrF25
698.0007,1,128,C17H9F23OS
699.9247,1,685,C12HF25O3S
699.9753,1,369,C14H3F27O
700.0224,1,329,C18H14F18O6S
700.2937,1,636,C28H41F17
700.3174,1,697,C35H45F9O4
700.9074,1,352,C13H11Cl3F17NO2SSi
701.1484,1,202,C20H24F19N2O3
701.9026,1,294,C12F26S2
701.9299,1,319,C12HF26O2P
702.1318,1,842,C24H27F13O7Si
702.1777,1,735,C23H27F21
703.0717,1,459,C17H22F17NO5SSi
703.0923,1,296,C21H20F17N2O3S
703.0923,1,536,C21H20F17N2O3S
703.161,1,667,C25H30F9N3O8S
703.8266,1,189,C12H3Br2F21
703.9128,1,195,C13H6F21IO
703.9256,1,694,C12F27OP
704.0618,1,188,C18H13F25
705.0607,1,851,C17H21F17NO5PS
705.1221,1,315,C22H20F19N2O2
706.0464,1,667,C16H19F17N2O5S2
706.1164,1,742,C29H19F17O
707.964,1,851,C15H2F26O2
708.0875,1,623,C28H18F17P
708.2362,1,708,C25H38F13N2O4P
709.9432,1,666,C14F26O3
710.0768,1,152,C18H19F21O3Si
711.8627,1,254,C11F23IO
712.2074,1,216,C27H37F13O3Si2
713.9545,1,441,C14HF27O2
713.9898,1,926,C18H4F26
713.9909,1,800,C15H5F27O
714.0651,1,108,C20H24F17I
715.9502,1,607,C14F28O
716.1934,1,984,C24H29F21
717.0606,1,191,C17H14F23NO3
718.0047,1,696,C17H7F25O2
718.0108,1,399,C14H6F24N4O2
719.9615,1,282,C14HF29
720.1309,1,646,C23H32F15I
720.1683,1,342,C23H26F22
721.7672,1,367,C12Cl6F16O4
722.0413,1,532,C16H19F17N2O6S2
722.0524,1,113,C18H12F26
722.2592,1,291,C27H37F19
723.899,1,947,C13H4F23I
723.899,1,997,C13H4F23I
723.9742,1,163,C14H8F23O5P
724.8494,1,428,C19H6Cl4F11NO6S
725.0152,1,474,C17H12F21NO4S
725.9275,1,147,C12F29P
725.9828,1,120,C16H10F20O7S
725.9909,1,589,C16H5F27O
727.2183,1,105,C27H38F13NO3Si2
727.8714,1,935,C15BrF23O2
727.9655,1,271,C14H6F25O3P
727.9702,1,163,C15H3F27O2
728.113,1,902,C19H19F23N2O
728.2522,1,215,C28H37F17O2
728.325,1,681,C30H45F17
729.9648,1,371,C16H12F21I
730.209,1,287,C25H31F21
731.9085,1,971,C19H9Cl4F17O2
732.0203,1,861,C18H9F25O2
732.0931,1,791,C20H17F25
733.0533,1,138,C23H12F21NO2
737.8468,1,155,C14Cl3F23Si
737.9521,1,843,C14F30
737.9521,1,724,C14F30
738.1589,1,979,C23H25F23
739.0308,1,768,C18H14F21NO4S
739.1421,1,201,C25H28F11N3O8S
739.9855,1,607,C15H9F24O4P
741.0289,1,215,C20H14F19NO5S
742.0964,1,309,C22H28F17I
742.209,1,296,C26H31F21
743.9509,1,454,C14H5F25O4S
743.9605,1,300,C14H6F25O4P
743.9805,1,844,C17H14F21I
744.2247,1,926,C26H33F21
744.4195,1,699,C35H61F9O4Si
745.8646,1,956,C12F25I
745.9221,1,501,C14H4ClF25O2S
745.9772,1,560,C16H3F29
745.9908,1,806,C17H4F26N2O
746.0998,1,271,C19H19F23NO3
746.1088,1,616,C21H19F25
746.9594,1,672,C16H15F17INO3Si
748.1622,1,250,C25H36F15I
750.0726,1,875,C18H23F17N2O6S2
750.0837,1,292,C20H16F26
750.1373,1,501,C21H23F21N2O3
750.2905,1,991,C29H41F19
753.1578,1,744,C26H30F11N3O8S
753.9541,1,550,C18H5F23O4S
754.0931,1,146,C30H20ClF17O
756.3563,1,243,C32H49F17
757.9961,1,942,C18H16F21I
758.2315,1,635,C29H43F13O2SSi2
758.2403,1,740,C27H35F21
759.8428,1,369,C13H8F18I2
760.1244,1,578,C22H21F25
762.9604,1,238,C20H3F25NP
763.9513,1,775,C15HF29O2
763.9513,1,800,C15HF29O2
763.9677,1,825,C16H2F30
763.9677,1,218,C16H2F30
763.9877,1,489,C16H5F29O
764.0993,1,158,C28H33Cl3F6O11
765.947,1,493,C15F30O
766.1376,1,172,C31H23F17O3
766.3431,1,628,C35H48F14O2
767.0753,1,962,C18H24F17N2O7S2
767.1048,1,373,C23H22F19N2O3S
767.2056,1,243,C32H30F17NO
767.8759,1,118,C10F28O2Si3
767.9665,1,715,C20H14F17IO4
768.0015,1,687,C18H7F27O2
770.073,1,624,C19H19F21N2O4S
770.1277,1,547,C24H32F17I
770.1747,1,893,C24H31F17O8
772.0118,1,698,C19H18F21I
772.256,1,362,C28H37F21
773.8585,1,989,C14H10F18I2
773.8959,1,477,C14H4F25I
773.9521,1,741,C17F30
773.9521,1,578,C17F30
773.971,1,752,C15H8F25O5P
774.0922,1,197,C25H20F18O7
774.1401,1,674,C23H23F25
774.8462,1,939,C20H6Cl4F13NO6S
775.972,1,793,C14H15F18N2O8PS2
775.9877,1,969,C17H5F29O
777.0801,1,273,C22H20F17N3O6S
777.967,1,177,C16H3F29O2
778.1098,1,268,C20H19F25N2O
778.115,1,169,C22H20F26
779.8749,1,764,C14H4Cl3F25Si
780.9943,1,681,C16H5F30N
781.8387,1,907,C15H5F18IO4S2
782.0171,1,879,C19H9F27O2
783.9412,1,873,C14HF29O4
784.1037,1,343,C31H22ClF17O2
786.0274,1,100,C20H20F21I
786.2716,1,464,C29H39F21
787.8741,1,405,C15H12F18I2
787.9489,1,749,C15F32
788.0876,1,868,C24H21F21O3S
788.1557,1,380,C24H25F25
789.1056,1,569,C20H20F23N2O4
789.139,1,504,C26H28F13N3O8S
789.9823,1,936,C16H9F26O4P
790.9847,1,896,C19H13F19NO7PS
791.0046,1,594,C24H10F21NO3S
791.8864,1,210,C14H3F26I
791.8864,1,656,C14H3F26I
792.0076,1,541,C17H6F26N4O2
793.2696,1,156,C28H42F17N2O2S
793.9573,1,520,C15H6F27O4P
794.2215,1,449,C27H33F23
795.8614,1,663,C13F27I
795.8614,1,740,C13F27I
796.0966,1,636,C20H19F25NO3
796.1056,1,362,C22H19F27
798.0121,1,902,C19H9F27O3
798.159,1,476,C26H36F17I
799.9689,1,226,C16H3F31O
799.9971,1,326,C17H12F24O6S
800.0431,1,350,C21H22F21I
800.0967,1,814,C19H24F19N2O8P
800.1341,1,543,C22H23F23N2O3
800.2873,1,884,C30H41F21
800.8905,1,703,C14H28Cl4Cr2F9NO9S
801.8898,1,444,C16H14F18I2
801.9235,1,132,C14HF30O2P
802.1714,1,402,C25H27F25
803.1546,1,400,C27H30F13N3O8S
803.9064,1,639,C15H6F25IO
804.0033,1,316,C16H19F18N2O8PS2
804.0054,1,534,C30H15ClF14O6S
806.016,1,944,C24H8F26O
807.9576,1,875,C17H2F30O2
808.0065,1,316,C22H6F26N2O
808.0164,1,598,C20H10F26O4
808.2298,1,816,C27H38F17N2O4P
809.9368,1,458,C16F30O3
810.0069,1,559,C18H8F26N2O4
810.0704,1,599,C20H19F25O3Si
811.8549,1,238,C13BrF27O4
813.9482,1,951,C16HF31O2
813.9517,1,134,C15H3F29O5
814.0587,1,874,C22H24F21I
815.9438,1,795,C16F32O
816.187,1,518,C26H29F25
817.9983,1,171,C19H7F29O2
820.9504,1,613,C15F33N
822.032,1,448,C21H12F26O4
823.8927,1,947,C15H4F27I
823.9678,1,148,C16H8F27O5P
824.843,1,161,C21H6Cl4F15NO6S
825.0088,1,737,C19H12F25NO4S
825.8967,1,926,C16H7Cl3F26Si
825.9764,1,533,C18H10F24O7S
825.9845,1,812,C18H5F31O
826.0638,1,436,C20H20F26OSi2
826.1903,1,496,C28H40F17I
827.931,1,379,C15HF29O6
827.9638,1,311,C17H3F31O2
827.9826,1,583,C20H5F29O2
828.0978,1,193,C24H20F24O4
828.1066,1,330,C21H19F27N2O
828.2458,1,499,C30H37F21O2
829.9182,1,692,C16H8F26OSn
829.9267,1,718,C15F30O5
829.9595,1,900,C17H2F32O
830.2027,1,404,C27H31F25
832.0139,1,274,C20H9F29O2
836.0042,1,544,C18H12F27O4P
837.9457,1,300,C16F34
838.0382,1,536,C20H12F26N2O4
838.1525,1,297,C25H25F27
839.0244,1,822,C20H14F25NO4S
839.1358,1,294,C27H28F15N3O8S
839.9291,1,445,C12F26Hg
840.2963,1,495,C37H47ClF10N2O6
841.9467,1,748,C16H3F29O6
842.09,1,623,C24H28F21I
842.2027,1,551,C28H31F25
843.9541,1,173,C16H6F29O4P
844.2183,1,545,C28H33F25
845.8582,1,843,C14F29I
846.0934,1,409,C21H19F27NO3
849.9919,1,702,C22H4F26N4O2
850.1309,1,646,C23H23F25N2O3
850.8873,1,943,C15H28Cl4Cr2F11NO9S
853.1514,1,671,C28H30F15N3O8S
857.0947,1,266,C25H26F19NO6SSi
857.9216,1,156,C16F30O6
857.9898,1,840,C20H16F25I
858.234,1,824,C29H35F25
859.97,1,829,C18H4F32O2
861.8504,1,165,C13HF27O6S3
861.9608,1,785,C18H13F27Sn
863.945,1,164,C17HF33O2
863.9614,1,826,C18H2F34
863.9813,1,994,C18H5F33O
864.2829,1,509,C31H45F17N2O4S
864.2829,1,384,C31H45F17N2O4S
865.977,1,247,C18H4F34
866.0107,1,290,C19H8F30N2O2
867.0203,1,276,C21H12ClF26N3O2
867.9951,1,694,C20H7F31O2
870.1213,1,571,C26H32F21I
872.2496,1,256,C30H37F25
873.8895,1,547,C16H4F29I
873.9646,1,925,C17H8F29O5P
874.8398,1,322,C22H6Cl4F17NO6S
875.9813,1,378,C19H5F33O
876.2312,1,941,C27H41F17N2O8S
879.9787,1,508,C20H6F30O4
881.9214,1,686,C16H2F32O3S
882.0108,1,921,C21H9F31O2
884.9565,1,159,C18F33N3
885.9165,1,621,C17F30O7
886.0669,1,486,C21H24F26O2Si3
886.2653,1,162,C31H39F25
889.0895,1,997,C29H17F26NO
889.1326,1,362,C28H28F17N3O8S
889.9889,1,394,C20H12F26O7S
891.022,1,894,C19H24F17N2O12S3
891.88,1,596,C16H3F30I
893.9509,1,450,C17H6F31O4P
894.0083,1,981,C20H8F34
895.855,1,420,C15F31I
895.855,1,564,C15F31I
898.0057,1,144,C21H9F31O3
898.0422,1,992,C30H12F26O2
898.1526,1,491,C28H36F21I
899.9625,1,626,C18H3F35O
900.1278,1,964,C24H23F27N2O3
900.2809,1,682,C32H41F25
900.8841,1,815,C16H28Cl4Cr2F13NO9S
901.9171,1,711,C16HF34O2P
901.9254,1,418,C16F34O4
901.9254,1,522,C16F34O4
901.9254,1,606,C16F34O4
901.9921,1,238,C21H17F27Sn
903.1482,1,660,C29H30F17N3O8S
903.9969,1,172,C18H19F22N2O8PS2
904.269,1,299,C30H45F17O11
906.042,1,984,C22H12F30N2O2
910.0733,1,436,C22H16F30N2O2
913.9418,1,838,C18HF35O2
917.9919,1,340,C21H7F33O2
918.9535,1,532,C16F30N9P
920.0279,1,780,C21H23ClF26O2Si3
922.0396,1,661,C22H12F34
923.9614,1,528,C18H8F31O5P
925.0024,1,804,C21H12F29NO4S
925.9782,1,206,C20H5F35O
925.9804,1,869,C20H8F34S
926.0653,1,641,C32H17F26P
926.1839,1,555,C30H40F21I
927.9574,1,138,C19H3F35O2
931.2479,1,623,C31H45F17O10P
932.0076,1,885,C22H9F33O2
937.9393,1,888,C18F38
937.9921,1,764,C24H17F27Sn
939.018,1,455,C22H14F29NO4S
939.8713,1,101,C18H12BrF27Sn
942.0234,1,100,C24H21F27Sn
943.9477,1,814,C18H6F33O4P
944.2119,1,792,C30H33F29
945.8518,1,806,C16F33I
949.9265,1,280,C17HF35O5
949.953,1,393,C20HF35N2O
950.0502,1,851,C31H17ClF26O2
950.0709,1,737,C24H16F34
950.881,1,668,C17H28Cl4Cr2F15NO9S
951.941,1,324,C20H2F34O4
951.9886,1,415,C20H6F34N2O2
953.9791,1,477,C22H8F30O7
954.0966,1,644,C34H21F26P
954.2658,1,504,C31H45F19O11
956.0544,1,212,C26H22F26O4S2
957.9525,1,875,C20H8F34S2
957.9797,1,269,C20H9F34O2P
959.83,1,639,C17H8F26I2
961.1497,1,802,C26H32F17N5O12S
963.9386,1,931,C19HF37O2
963.975,1,574,C20H5F37O
965.9094,1,655,C28H8F26S4
965.9567,1,945,C21H4F34O4
967.9887,1,743,C22H7F35O2
969.6069,1,851,C11H7Cl6Cr3F17NO6S
970.9408,1,399,C18F39N
973.8457,1,489,C18H10F26I2
973.8831,1,110,C18H4F33I
973.9582,1,637,C19H8F33O5P
977.8402,1,315,C16BrF33O5
979.9371,1,881,C18H3F35O6
980.8804,1,259,C16HF34NO4S2
981.974,1,311,C23H8F30O8
982.0044,1,531,C23H9F35O2
984.2058,1,685,C37H41F13O14Si
989.9696,1,832,C20H9F34O4P
991.8737,1,538,C18H3F34I
993.9163,1,286,C18HF35O7
993.9445,1,617,C19H6F35O4P
995.912,1,912,C18F36O6
997.918,1,709,C22H5ClF30N2O4S
999.3149,1,954,C38H50F17N3O6S
999.3149,1,582,C38H50F17N3O6S
1001.877,1,820,C20H14F26I2
1003.9423,1,519,C18F40N2
1003.9905,1,568,C20H19F26N2O8PS2
1004.2627,1,472,C32H45F21O11
1007.932,1,264,C19H3F35O7
1008.0512,1,385,C24H14F34N2O2
1009.9241,1,610,C20F38O3
1010.0193,1,127,C24H12F34O4
1013.9354,1,215,C20HF39O2
1017.9855,1,749,C23H7F37O2
1023.955,1,612,C20H8F35O5P
1024.996,1,105,C23H12F33NO4S
1025.9636,1,392,C22H10F32O7S
1026.051,1,761,C24H20F34OSi2
1028.9091,1,983,C20H32Cl4Cr2F17NO9S
1032.0012,1,710,C24H9F37O2
1037.9329,1,418,C20F42
1039.0117,1,659,C24H14F33NO4S
1045.8454,1,918,C18F37I
1048.6589,1,178,C53H91F11O7
1049.9907,1,400,C22H13F34O6P
1065.8385,1,438,C24H4Cl4F30O4
1073.4033,1,773,C46H60F17N3O4S
1073.8393,1,439,C20H10F30I2
1073.8767,1,454,C20H4F37I
1086.1081,1,160,C28H24F34O5
1089.0767,1,140,C33H17F34NO
1089.9632,1,748,C22H9F38O4P
1092.1451,1,525,C30H26F34N2O2
1103.9841,1,191,C22H19F30N2O8PS2
1104.2563,1,663,C34H45F25O11
1104.3895,1,801,C39H71F19O4Si5
1115.9118,1,788,C20HF41O6
1117.9791,1,831,C25H7F41O2
1122.0268,1,502,C26H12F42
1135.985,1,452,C24H12F39O4P
1137.9265,1,167,C22F46
1145.839,1,900,C20F41I
1145.9224,1,132,C21H3F41O7
1147.1015,1,614,C33H27F30N3O3S2
1149.9843,1,806,C24H13F38O6P
1150.0581,1,650,C28H16F42
1154.0838,1,848,C38H21F34P
1154.2531,1,588,C35H45F27O11
1159.8173,1,604,C21H8F34I2
1161.1163,1,477,C36H25F34NOSi
1161.8973,1,166,C21F42O7
1161.9416,1,797,C24H13F39Sn
1173.8329,1,556,C22H10F34I2
1174.2595,1,502,C43H45F23O11
1178.0894,1,393,C30H20F42
1184.9374,1,469,C24F45N3
1186.1017,1,744,C30H24F38O5
1187.933,1,968,C23H5F41O8
1189.9568,1,124,C24H9F42O4P
1190.3251,1,913,C50H52F17N4O8P
1193.0265,1,776,C26H18F38NO6P
1201.8642,1,933,C24H14F34I2
1201.9729,1,321,C27H17F39Sn
1202.943,1,230,C24H12F39N3Sn
1203.1632,1,307,C39H31F34NOSi
1203.9778,1,265,C24H19F34N2O8PS2
1206.1207,1,664,C32H24F42
1216.0054,1,269,C36H12F39P
1233.896,1,342,C22F46O6
1237.9202,1,293,C24F50
1237.9729,1,787,C30H17F39Sn
1239.8522,1,547,C24H12BrF39Sn
1245.8326,1,602,C22F45I
1255.3629,1,491,C53H55F17N7O7P
1258.0523,1,841,C39H18F39P
1263.9901,1,100,C36H12F39O3P
1266.2798,1,996,C50H55F13O21Si
1270.2234,1,278,C44H36F34N2O2
1278.3205,1,617,C45H75F13O12Si8
1279.3517,1,375,C56H55F17N5O8P
1281.8972,1,728,C23HF47O7
1284.0751,1,167,C33H26F34N4O6S2
1285.3735,1,568,C54H57F17N7O8P
1286.0953,1,717,C32H24F42O5
1289.9504,1,293,C26H9F46O4P
1300.0993,1,737,C42H24F39P
1301.8916,1,937,C24HF50O2P
1316.0649,1,352,C33H26F34N4O8S2
1317.8752,1,946,C28H18F34I2O4
1322.0141,1,803,C30H12F50
1327.8827,1,328,C24F48O8
1328.9268,1,283,C24H12F42N3O6P3
1345.8262,1,858,C24F49I
1347.0887,1,956,C37H27F38N3O3S2
1350.0454,1,298,C32H16F50
1373.8201,1,194,C26H10F42I2
1378.0767,1,698,C34H20F50
1386.0889,1,591,C34H24F46O5
1387.8358,1,520,C27H12F42I2
1389.944,1,468,C28H9F50O4P
1401.8514,1,671,C28H14F42I2
1406.108,1,456,C36H24F50
1435.9659,1,804,C30H12F51O4P
1445.8198,1,946,C26F53I
1447.8825,1,977,C26HF53O8
1447.9988,1,131,C41H13F48P
1457.914,1,572,C32H22F42I2
1484.9182,1,626,C30F57N3
1486.0825,1,912,C36H24F50O5
1489.9376,1,216,C30H9F54O4P
1493.868,1,726,C27F54O9
1515.9862,1,965,C42H12F51P
1515.9862,1,837,C42H12F51P
1518.2332,1,148,C44H40F50
1520.9642,1,504,C30H18F48N3O6P3
1546.2645,1,890,C46H44F50
1547.0759,1,704,C41H27F46N3O3S2
1572.0442,1,591,C42H36Cl2F34N2O14S2
1573.8074,1,644,C30H10F50I2
1586.0761,1,712,C38H24F54O5
1589.9312,1,926,C32H9F58O4P
1600.0801,1,315,C48H24F51P
1600.0801,1,903,C48H24F51P
1601.8387,1,436,C32H14F50I2
1606.9878,1,407,C33H27F45N3O10PS3
1613.8678,1,206,C29HF59O9
1657.9013,1,930,C36H22F50I2
1659.8533,1,734,C30F60O10
1689.9248,1,294,C34H9F62O4P
1735.9467,1,983,C36H12F63O4P
1756.9782,1,768,C36H27F51N3O10PS3
1789.9185,1,342,C36H9F66O4P
1798.0578,1,157,C46H42F50I2
1889.9121,1,859,C38H9F70O4P
1977.0013,1,628,C42H26F64N3O6P3
2035.9276,1,214,C42H12F75O4P
2335.9084,1,245,C48H12F87O4P
2528.8502,1,692,C48H12F90N3O6P3
2609.7799,1,593,C47HF95O15
2720.8876,1,315,C54H18F96N3O6P3
3020.77,1,150,C54H12F102N3O18P3
3213.9444,1,253,C92H26F100N4S4
